"","V1","V3"
"1","TP53","SP1"
"2","TP53","MAPK8"
"3","TP53","MAPK1"
"4","TP53","MAPK3"
"5","TP53","BCL2"
"6","TP53","HRAS"
"7","TP53","MAPK10"
"8","TP53","IGFBP3"
"9","TP53","PTEN"
"10","TP53","EP300"
"11","TP53","YWHAZ"
"12","TP53","PPP4C"
"13","TP53","USP7"
"14","TP53","SUB1"
"15","TP53","SET"
"16","TP53","YWHAE"
"17","TP53","PITX1"
"18","TP53","RNF40"
"19","TP53","AR"
"20","TP53","UBE3A"
"21","TP53","APC"
"22","TP53","XPO1"
"23","TP53","TOP1"
"24","TP53","GHR"
"25","TP53","PTK2"
"26","TP53","CDK5"
"27","TP53","RFC1"
"28","TP53","CUL7"
"29","TP53","STATH"
"30","TP53","CHD8"
"31","TP53","SETD2"
"32","TP53","ERBB4"
"33","TP53","RASGRF1"
"34","TP53","TAF1C"
"35","TP53","BAG1"
"36","TP53","SNRPN"
"37","TP53","NR3C1"
"38","TP53","CASP1"
"39","TP53","ESR1"
"40","TP53","MTOR"
"41","TP53","MSX1"
"42","TP53","TWIST1"
"43","TP53","SKI"
"44","TP53","MUL1"
"45","TP53","ZMYND11"
"46","TP53","PTGS2"
"47","TP53","PARK7"
"48","TP53","EHMT1"
"49","TP53","TXNRD1"
"50","TP53","DHFR"
"51","TP53","MIF"
"52","TP53","AGT"
"53","TP53","DHCR24"
"54","TGFBR2","SP1"
"55","TGFBR2","CTNNB1"
"56","TGFBR2","APP"
"57","TGFBR2","DAB2"
"58","TGFBR2","MED12"
"59","NF2","SOS1"
"60","NF2","ARHGAP32"
"61","NF2","TSC1"
"62","RB1","BCL2"
"63","RB1","PAX6"
"64","RB1","PNO1"
"65","RB1","EP300"
"66","RB1","MCM7"
"67","RB1","DYRK1A"
"68","RB1","DDIT3"
"69","RB1","RNF40"
"70","RB1","AR"
"71","RB1","DNMT3A"
"72","RB1","NCOA6"
"73","RB1","CDK5"
"74","RB1","RFC1"
"75","RB1","BAG1"
"76","RB1","PRKCB"
"77","RB1","VEGFA"
"78","RB1","NOTCH1"
"79","RB1","SKI"
"80","RB1","INS"
"81","RB1","CUX1"
"82","SDHAF2","PLAUR"
"83","ACTC1","ESR1"
"84","ACTC1","ITGA4"
"85","STK11","APP"
"86","STK11","FKBP5"
"87","STK11","SIK1"
"88","SCN5A","NEDD4"
"89","SCN5A","SNTG2"
"90","SCN5A","ANK3"
"91","PTEN","AR"
"92","PTEN","CRKL"
"93","PTEN","PTK2"
"94","PTEN","ESR1"
"95","PTEN","MED12"
"96","PTEN","PARK7"
"97","KCNH2","YWHAE"
"98","VHL","APRT"
"99","VHL","FABP5"
"100","VHL","RANBP1"
"101","VHL","PTGES3"
"102","VHL","RAB2A"
"103","VHL","SET"
"104","VHL","ADRB2"
"105","VHL","ACTB"
"106","VHL","APP"
"107","VHL","SNRNP70"
"108","VHL","COL4A1"
"109","VHL","JMJD1C"
"110","VHL","MIF"
"111","VHL","CNTF"
"112","MYH11","EIF3A"
"113","MYH11","ACTB"
"114","MYH11","APC"
"115","MSH6","RFC1"
"116","MSH6","ESR1"
"117","MEN1","GFAP"
"118","MEN1","TCF4"
"119","MEN1","CXXC1"
"120","MEN1","ESR1"
"121","TSC2","YWHAB"
"122","TSC2","YWHAE"
"123","TSC2","UBE3A"
"124","TSC2","PTK2"
"125","TSC2","ESR1"
"126","TSC2","MTOR"
"127","TSC2","TSC1"
"128","SDHB","NDUFS1"
"129","SDHB","GEM"
"130","SDHB","ITGA4"
"131","MYH7","DISC1"
"132","DSP","ESR1"
"133","MSH2","RFC1"
"134","MSH2","ESR1"
"135","MSH2","ESR2"
"136","MLH1","GSTP1"
"137","MLH1","ALDOA"
"138","MLH1","DNMT3B"
"139","MLH1","MBD4"
"140","MLH1","RFC1"
"141","MLH1","FAN1"
"142","MLH1","HSD17B3"
"143","SMAD4","AR"
"144","SMAD4","SERPINE1"
"145","SMAD4","APP"
"146","SMAD4","SNRNP70"
"147","SMAD4","NF1"
"148","SMAD4","VEGFA"
"149","SMAD4","TRIM33"
"150","SMAD4","ELN"
"151","SMAD4","SKI"
"152","SMAD4","ZNF423"
"153","SMAD4","PLG"
"154","SMAD4","DLX1"
"155","TPM1","ESR1"
"156","SMAD3","SERPINE1"
"157","SMAD3","APP"
"158","SMAD3","TF"
"159","SMAD3","GTF2IRD1"
"160","SMAD3","NCOA6"
"161","SMAD3","MBD1"
"162","SMAD3","CHD8"
"163","SMAD3","SETD2"
"164","SMAD3","SNRNP70"
"165","SMAD3","HEY1"
"166","SMAD3","GRIP1"
"167","SMAD3","DAB2"
"168","SMAD3","CYP11A1"
"169","SMAD3","NR3C1"
"170","SMAD3","NF1"
"171","SMAD3","PIK3CA"
"172","SMAD3","ESR1"
"173","SMAD3","RAB11FIP5"
"174","SMAD3","SOX9"
"175","SMAD3","VEGFA"
"176","SMAD3","PITX2"
"177","SMAD3","TRIM33"
"178","SMAD3","NOTCH1"
"179","SMAD3","ELN"
"180","SMAD3","SKI"
"181","SMAD3","KDM5C"
"182","SMAD3","ZMYND11"
"183","SMAD3","PLG"
"184","SMAD3","ANK3"
"185","SMAD3","TNC"
"186","APC","XPO1"
"187","APC","SYNE1"
"188","APC","LRP8"
"189","APC","NOSTRIN"
"190","APC","MBD5"
"191","BRCA1","HERC2"
"192","BRCA1","CDK5"
"193","BRCA1","RFC1"
"194","BRCA1","SH2B1"
"195","BRCA1","RNF216"
"196","BRCA1","ESR1"
"197","BRCA1","MTOR"
"198","BRCA1","CNTN4"
"199","BRCA1","H2AFY"
"200","BRCA1","ACACA"
"201","BRCA1","POMGNT1"
"202","BRCA1","INPP1"
"203","BRCA1","PHB2"
"204","PMS2","FAN1"
"205","PKP2","CLK2"
"206","TSC1","RAB11FIP5"
"207","TGFBR1","SKI"
"208","ACTA2","SHBG"
"209","BMPR1A","ZMYND11"
"210","LDLR","DAB1"
"211","RYR1","RYR2"
"212","GLI3","CREBBP"
"213","GLI3","BCL2"
"214","GLI3","YWHAE"
"215","GLI3","SKI"
"216","GLI3","MED12"
"217","GLI3","CHD7"
"218","SIN3A","HTT"
"219","SIN3A","TP53"
"220","SIN3A","SP1"
"221","SIN3A","SETDB1"
"222","SIN3A","SMARCA2"
"223","SIN3A","BAZ1B"
"224","SIN3A","AR"
"225","SIN3A","DNMT3B"
"226","SIN3A","MBD4"
"227","SIN3A","ESR1"
"228","SIN3A","MBD3"
"229","SIN3A","MAF"
"230","SIN3A","SKI"
"231","SIN3A","TBL1X"
"232","SIN3A","MECP2"
"233","CREBBP","HTT"
"234","CREBBP","TP53"
"235","CREBBP","AKT1"
"236","CREBBP","SP1"
"237","CREBBP","CTNNB1"
"238","CREBBP","MAPK10"
"239","CREBBP","SRC"
"240","CREBBP","IL6"
"241","CREBBP","EP300"
"242","CREBBP","SMARCA2"
"243","CREBBP","DYRK1A"
"244","CREBBP","SND1"
"245","CREBBP","LIG4"
"246","CREBBP","AR"
"247","CREBBP","APC"
"248","CREBBP","NCOA6"
"249","CREBBP","SETD1A"
"250","CREBBP","PRLR"
"251","CREBBP","GRIP1"
"252","CREBBP","NR3C1"
"253","CREBBP","ESR1"
"254","CREBBP","NPAS2"
"255","CREBBP","TNF"
"256","CREBBP","ESR2"
"257","CREBBP","MSX1"
"258","CREBBP","VEGFA"
"259","CREBBP","MAF"
"260","CREBBP","FOSB"
"261","CREBBP","NEUROG1"
"262","CREBBP","HOXD13"
"263","CREBBP","CUX1"
"264","MTNR1A","MTNR1B"
"265","MTNR1A","RAC1"
"266","HTT","TP53"
"267","HTT","AKT1"
"268","HTT","SP1"
"269","HTT","CTNNB1"
"270","HTT","HIP1"
"271","HTT","MAP1LC3B"
"272","HTT","MBD1"
"273","HTT","MBD4"
"274","HTT","SETD2"
"275","DLG3","APC"
"276","DLG3","DLG4"
"277","DLG3","ERBB4"
"278","DLG3","ATP2B2"
"279","DLG3","LRP2"
"280","DLG3","GRIN2A"
"281","MPDZ","HTR2A"
"282","MPDZ","DRD3"
"283","DLG2","DLG4"
"284","DLG2","ERBB4"
"285","DLG2","ATP2B2"
"286","DLG2","LRP2"
"287","DLG2","NOS1"
"288","DLG2","GRIN2A"
"289","LIN7B","CASK"
"290","LIN7B","DLG4"
"291","TP53","SP1"
"292","TP53","MAPK8"
"293","TP53","MAPK1"
"294","TP53","MAPK3"
"295","TP53","BCL2"
"296","TP53","HRAS"
"297","TP53","MAPK10"
"298","TP53","IGFBP3"
"299","TP53","PTEN"
"300","TP53","EP300"
"301","TP53","YWHAZ"
"302","TP53","PPP4C"
"303","TP53","USP7"
"304","TP53","SUB1"
"305","TP53","SET"
"306","TP53","YWHAE"
"307","TP53","PITX1"
"308","TP53","RNF40"
"309","TP53","AR"
"310","TP53","UBE3A"
"311","TP53","APC"
"312","TP53","XPO1"
"313","TP53","TOP1"
"314","TP53","GHR"
"315","TP53","PTK2"
"316","TP53","CDK5"
"317","TP53","RFC1"
"318","TP53","CUL7"
"319","TP53","STATH"
"320","TP53","CHD8"
"321","TP53","SETD2"
"322","TP53","ERBB4"
"323","TP53","RASGRF1"
"324","TP53","TAF1C"
"325","TP53","BAG1"
"326","TP53","SNRPN"
"327","TP53","NR3C1"
"328","TP53","CASP1"
"329","TP53","ESR1"
"330","TP53","MTOR"
"331","TP53","MSX1"
"332","TP53","TWIST1"
"333","TP53","SKI"
"334","TP53","MUL1"
"335","TP53","ZMYND11"
"336","TP53","PTGS2"
"337","TP53","PARK7"
"338","TP53","EHMT1"
"339","TP53","TXNRD1"
"340","TP53","DHFR"
"341","AKT1","CTNNB1"
"342","AKT1","SETDB1"
"343","AKT1","SRC"
"344","AKT1","NEDD4"
"345","AKT1","PTEN"
"346","AKT1","EP300"
"347","AKT1","YWHAZ"
"348","AKT1","PPL"
"349","AKT1","TSC2"
"350","AKT1","PREX1"
"351","AKT1","ACTB"
"352","AKT1","YWHAE"
"353","AKT1","SMAD4"
"354","AKT1","AR"
"355","AKT1","ITPR1"
"356","AKT1","APP"
"357","AKT1","FKBP5"
"358","AKT1","ALDOA"
"359","AKT1","ARHGAP32"
"360","AKT1","ESR1"
"361","AKT1","MTOR"
"362","AKT1","TSC1"
"363","AKT1","CTNND2"
"364","AKT1","NOTCH1"
"365","AKT1","SKI"
"366","AKT1","MAPT"
"367","AKT1","MUL1"
"368","AKT1","CLK2"
"369","AKT1","PHB2"
"370","TNFRSF1B","SLC25A1"
"371","TNFRSF1B","XPO1"
"372","TNFRSF1B","SLC1A3"
"373","TNFRSF1B","TNF"
"374","SP1","MAPK8"
"375","SP1","MAPK1"
"376","SP1","MAPK3"
"377","SP1","CRK"
"378","SP1","HRAS"
"379","SP1","RPL10"
"380","SP1","SRC"
"381","SP1","ACTC1"
"382","SP1","IGFBP3"
"383","SP1","EP300"
"384","SP1","SUB1"
"385","SP1","GH1"
"386","SP1","NTRK1"
"387","SP1","ABCB1"
"388","SP1","CBS"
"389","SP1","SMAD4"
"390","SP1","GFAP"
"391","SP1","AR"
"392","SP1","ITGAV"
"393","SP1","SERPINE1"
"394","SP1","ALDOA"
"395","SP1","PRLR"
"396","SP1","RFC1"
"397","SP1","IFNG"
"398","SP1","CAT"
"399","SP1","CDH2"
"400","SP1","ESR1"
"401","SP1","CTSD"
"402","SP1","IL2"
"403","SP1","IL1B"
"404","SP1","TNF"
"405","SP1","ESR2"
"406","SP1","MEF2C"
"407","SP1","NGFR"
"408","SP1","ADORA2A"
"409","SP1","CCL2"
"410","SP1","IL10"
"411","SP1","IL1A"
"412","SP1","MSX1"
"413","SP1","APOE"
"414","SP1","SOX9"
"415","SP1","HTR1A"
"416","SP1","VEGFA"
"417","SP1","GJA1"
"418","SP1","ADA"
"419","SP1","MAOB"
"420","SP1","NOS1"
"421","SP1","SLC19A1"
"422","SP1","SOD1"
"423","SP1","COL4A1"
"424","SP1","AGER"
"425","SP1","SMARCA1"
"426","SP1","CYP17A1"
"427","SP1","MECP2"
"428","SP1","KIR3DL1"
"429","SP1","OPRM1"
"430","SP1","FMR1"
"431","SP1","ATF6"
"432","SP1","ROBO4"
"433","SP1","POGZ"
"434","MAPK8","CTNNB1"
"435","MAPK8","BCL2"
"436","MAPK8","CRK"
"437","MAPK8","HRAS"
"438","MAPK8","MSN"
"439","MAPK8","HSD17B4"
"440","MAPK8","GSTP1"
"441","MAPK8","APP"
"442","MAPK8","DAB2"
"443","MAPK8","MTOR"
"444","MAPK1","MAPK3"
"445","MAPK1","BCL2"
"446","MAPK1","EP300"
"447","MAPK1","GTF2I"
"448","MAPK1","TSC2"
"449","MAPK1","HLA-B"
"450","MAPK1","AR"
"451","MAPK1","CRKL"
"452","MAPK1","GSTP1"
"453","MAPK1","MBP"
"454","MAPK1","IL4"
"455","MAPK1","ESR1"
"456","MAPK1","CTSD"
"457","MAPK1","ESR2"
"458","MAPK1","NOTCH1"
"459","MAPK1","TH"
"460","MAPK3","GTF2I"
"461","MAPK3","BAZ1B"
"462","MAPK3","GH1"
"463","MAPK3","MBP"
"464","MAPK3","IL4"
"465","MAPK3","TH"
"466","MAPK3","RPS6KA6"
"467","MAPK3","AVPR2"
"468","EPS8","MAP1LC3B"
"469","EPS8","SRC"
"470","EPS8","BCKDK"
"471","EPS8","BAIAP2"
"472","EPS8","CASK"
"473","EPS8","SOS1"
"474","EPS8","ITGB3"
"475","HGF","SDC2"
"476","HGF","MET"
"477","CTNNB1","CDH10"
"478","CTNNB1","PTEN"
"479","CTNNB1","EP300"
"480","CTNNB1","CCL7"
"481","CTNNB1","YWHAZ"
"482","CTNNB1","SMAD4"
"483","CTNNB1","AR"
"484","CTNNB1","APP"
"485","CTNNB1","APC"
"486","CTNNB1","TCF4"
"487","CTNNB1","CHD8"
"488","CTNNB1","TNRC6B"
"489","CTNNB1","MET"
"490","CTNNB1","GRIP1"
"491","CTNNB1","CDH2"
"492","CTNNB1","POU3F2"
"493","CTNNB1","PIK3CA"
"494","CTNNB1","TBL1XR1"
"495","CTNNB1","ESR1"
"496","CTNNB1","IL2"
"497","CTNNB1","LRP2"
"498","CTNNB1","VEGFA"
"499","CTNNB1","PITX2"
"500","CTNNB1","TYR"
"501","CTNNB1","PTPRZ1"
"502","CTNNB1","NOTCH1"
"503","CTNNB1","TBL1X"
"504","CTNNB1","STK39"
"505","CTNNB1","PHB2"
"506","BCL2","EP300"
"507","BCL2","IRS2"
"508","BCL2","ITPR1"
"509","BCL2","EPHB2"
"510","BCL2","BAG1"
"511","BCL2","SOD1"
"512","PAX6","EP300"
"513","PAX6","SMAD4"
"514","PAX6","AR"
"515","PAX6","HOXB1"
"516","CRK","SRC"
"517","CRK","PTPN4"
"518","CRK","HLA-B"
"519","CRK","ACTB"
"520","CRK","XPO1"
"521","CRK","SOS1"
"522","CRK","GHR"
"523","CRK","ARHGAP32"
"524","CRK","PTK2"
"525","CRK","EPHB2"
"526","CRK","ERBB4"
"527","CRK","GABBR1"
"528","CRK","PIK3CD"
"529","CRK","PIK3CA"
"530","CRK","DLGAP2"
"531","CRK","CNTNAP1"
"532","CRK","SYN1"
"533","CRK","PIK3CB"
"534","CRK","SPR"
"535","HRAS","SRC"
"536","HRAS","SOS1"
"537","HRAS","RASGRF1"
"538","HRAS","NF1"
"539","HRAS","PIK3CD"
"540","HRAS","PIK3CA"
"541","HRAS","PIK3CG"
"542","HRAS","DEAF1"
"543","ALDH2","APP"
"544","MAGED1","EP300"
"545","MAGED1","SLC25A1"
"546","MAGED1","RBFOX1"
"547","MAGED1","NGFR"
"548","SETDB1","APC"
"549","SETDB1","DNMT3A"
"550","SETDB1","DNMT3B"
"551","SETDB1","MBD1"
"552","SETDB1","JARID2"
"553","SETDB1","EHMT1"
"554","FXR1","FXR2"
"555","FXR1","NOS2"
"556","FXR1","CYFIP1"
"557","FXR1","FMR1"
"558","RPL10","SRC"
"559","RPL10","YWHAZ"
"560","RPL10","ESR1"
"561","RPL10","ITGA4"
"562","PRRT2","SNAP25"
"563","MAPK8IP2","MAPK10"
"564","MAPK8IP2","RAI1"
"565","MAPK8IP2","IL1B"
"566","MAPK8IP2","LRP2"
"567","MAPK8IP2","LRP8"
"568","SHMT1","GJA1"
"569","SHMT1","CARS"
"570","NBEA","NOTCH1"
"571","STX1A","SNAP25"
"572","STX1A","RNF40"
"573","STX1A","CDK5"
"574","STX1A","SLC6A3"
"575","STX1A","SLC6A4"
"576","MAP1LC3B","NEDD4"
"577","MAP1LC3B","PRKAR1A"
"578","MAP1LC3B","DNMT3B"
"579","MAP1LC3B","ADNP"
"580","MAPK10","MSN"
"581","MAPK10","APP"
"582","MAPK10","GCH1"
"583","MAPK10","CEP290"
"584","HIRIP3","SET"
"585","HIRIP3","APP"
"586","HIRIP3","CARS"
"587","HIRIP3","TSNAX"
"588","SNAP25","APP"
"589","SRC","EP300"
"590","SRC","PLA2G4A"
"591","SRC","ADRB2"
"592","SRC","ACTB"
"593","SRC","RORA"
"594","SRC","AR"
"595","SRC","NCOA6"
"596","SRC","SOS1"
"597","SRC","ARHGAP32"
"598","SRC","PTK2"
"599","SRC","DNM1"
"600","SRC","EPHB2"
"601","SRC","MET"
"602","SRC","DAB2"
"603","SRC","PDE4D"
"604","SRC","MAP2"
"605","SRC","NR3C1"
"606","SRC","PAX3"
"607","SRC","ESR1"
"608","SRC","ESR2"
"609","SRC","MKI67"
"610","SRC","DLGAP2"
"611","SRC","NR1I2"
"612","SRC","GJA1"
"613","SRC","TRPC6"
"614","SRC","PTPRA"
"615","SRC","GRIN2A"
"616","SRC","SYN1"
"617","SRC","NR3C2"
"618","ACTC1","ESR1"
"619","ACTC1","ITGA4"
"620","SOD2","MCC"
"621","SOD2","SMARCA2"
"622","SOD2","HLA-B"
"623","SOD2","APP"
"624","SOD2","SOD1"
"625","SOD2","TBL2"
"626","SOD2","ALDH5A1"
"627","PNO1","GSTP1"
"628","IL6","EP300"
"629","IL6","NR3C1"
"630","ATRX","PTPN4"
"631","PTPN4","GRIN2A"
"632","PLAUR","KNG1"
"633","COMT","MCC"
"634","COMT","LITAF"
"635","IGFBP3","AR"
"636","IGFBP3","TF"
"637","IGFBP3","IGF2"
"638","IGFBP3","IGF1"
"639","IGFBP3","PLG"
"640","WFS1","ATF6"
"641","FOXG1","EP300"
"642","FOXG1","APOE"
"643","ROBO2","ROBO1"
"644","NEDD4","PTEN"
"645","NEDD4","RAC1"
"646","NEDD4","NTRK1"
"647","NEDD4","ADRB2"
"648","NEDD4","BAIAP2"
"649","NEDD4","DMD"
"650","NEDD4","CDK5"
"651","NEDD4","ERBB4"
"652","NEDD4","MAP2"
"653","NEDD4","SLC6A3"
"654","NEDD4","LITAF"
"655","NEDD4","GJA1"
"656","NEDD4","CAMK4"
"657","NEDD4","GRIA1"
"658","NEDD4","KCNAB2"
"659","NEDD4","SLC12A3"
"660","PTEN","AR"
"661","PTEN","CRKL"
"662","PTEN","PTK2"
"663","PTEN","ESR1"
"664","PTEN","MED12"
"665","PTEN","PARK7"
"666","TRIO","RAC1"
"667","TRIO","DISC1"
"668","TRIO","DAB2"
"669","TRIO","BCAS2"
"670","EP300","SMARCA2"
"671","EP300","DYRK1A"
"672","EP300","PLA2G4A"
"673","EP300","SUB1"
"674","EP300","PCBD1"
"675","EP300","ACTB"
"676","EP300","DDIT3"
"677","EP300","RORA"
"678","EP300","SMAD4"
"679","EP300","AR"
"680","EP300","CASK"
"681","EP300","TCF4"
"682","EP300","NCOA6"
"683","EP300","IFNG"
"684","EP300","GRIP1"
"685","EP300","NR3C1"
"686","EP300","MEF2A"
"687","EP300","POU3F2"
"688","EP300","CASP1"
"689","EP300","IL4"
"690","EP300","ESR1"
"691","EP300","NPAS2"
"692","EP300","IL2"
"693","EP300","TNF"
"694","EP300","ESR2"
"695","EP300","MEF2C"
"696","EP300","CLOCK"
"697","EP300","SOX9"
"698","EP300","VEGFA"
"699","EP300","TWIST1"
"700","EP300","MAF"
"701","EP300","FOSB"
"702","EP300","NOTCH1"
"703","EP300","PDE4A"
"704","EP300","MAPT"
"705","EP300","NEUROG1"
"706","EP300","PTGS2"
"707","EP300","HMGN1"
"708","EP300","PLG"
"709","EP300","DAO"
"710","EP300","BCAS2"
"711","EP300","TSNAX"
"712","CCL7","NR3C1"
"713","YWHAZ","EIF3A"
"714","YWHAZ","TSC2"
"715","YWHAZ","SRRM2"
"716","YWHAZ","SUB1"
"717","YWHAZ","YWHAB"
"718","YWHAZ","SET"
"719","YWHAZ","GDI1"
"720","YWHAZ","IRS2"
"721","YWHAZ","ACTB"
"722","YWHAZ","YWHAE"
"723","YWHAZ","BAIAP2"
"724","YWHAZ","PTBP1"
"725","YWHAZ","UBE3A"
"726","YWHAZ","APP"
"727","YWHAZ","APC"
"728","YWHAZ","XPO1"
"729","YWHAZ","LIMK1"
"730","YWHAZ","ALDOA"
"731","YWHAZ","TRIM32"
"732","YWHAZ","DISC1"
"733","YWHAZ","GCH1"
"734","YWHAZ","MARK1"
"735","YWHAZ","SIK1"
"736","YWHAZ","PRLR"
"737","YWHAZ","MET"
"738","YWHAZ","SNRPN"
"739","YWHAZ","ESR1"
"740","YWHAZ","NOS2"
"741","YWHAZ","MTOR"
"742","YWHAZ","TSC1"
"743","YWHAZ","MEF2C"
"744","YWHAZ","CYFIP1"
"745","YWHAZ","GJA1"
"746","YWHAZ","TPH1"
"747","YWHAZ","ITGA4"
"748","YWHAZ","MAPT"
"749","YWHAZ","HMGN1"
"750","YWHAZ","TH"
"751","YWHAZ","SPR"
"752","YWHAZ","ACSL4"
"753","PAFAH1B1","MSN"
"754","PAFAH1B1","DISC1"
"755","PAFAH1B1","PDE4B"
"756","PAFAH1B1","PDE4D"
"757","PAFAH1B1","CLIP1"
"758","L1CAM","ITGAV"
"759","UPF3B","RBM8A"
"760","OGG1","XPC"
"761","RAC1","SET"
"762","RAC1","ACTB"
"763","RAC1","BAIAP2"
"764","RAC1","ARHGAP32"
"765","RAC1","PTK2"
"766","RAC1","CLIP1"
"767","RAC1","NOS2"
"768","RAC1","TNF"
"769","RAC1","CYFIP1"
"770","RAC1","CNTNAP1"
"771","RAC1","SOD1"
"772","RAC1","ITGA4"
"773","RAC1","DIAPH3"
"774","MCM7","MCC"
"775","MCM7","HLA-B"
"776","MCM7","RBM8A"
"777","MCM7","UBE3A"
"778","MCM7","APP"
"779","MCM7","CCL2"
"780","MCM7","ITGA4"
"781","MCC","APRT"
"782","MCC","FABP5"
"783","MCC","RANBP1"
"784","MCC","EIF3A"
"785","MCC","PTGES3"
"786","MCC","RAB2A"
"787","MCC","KATNAL2"
"788","MCC","CS"
"789","MCC","APP"
"790","MCC","CSDE1"
"791","MCC","BCAS2"
"792","MCC","PHB2"
"793","BCKDK","APP"
"794","PPP4C","SRRM2"
"795","PPP4C","MYO1D"
"796","PPP4C","PPP2R5D"
"797","APRT","GH1"
"798","APRT","APP"
"799","APRT","ITGA4"
"800","FABP5","GH1"
"801","RANBP1","GH1"
"802","RANBP1","HLA-B"
"803","RANBP1","XPO1"
"804","HTR1B","HTR1A"
"805","HTR1B","HTR1D"
"806","LXN","CIRBP"
"807","SMARCA2","PCBD1"
"808","SMARCA2","BANF1"
"809","SMARCA2","PITX1"
"810","SMARCA2","AR"
"811","SMARCA2","NR3C1"
"812","SMARCA2","MCPH1"
"813","SMARCA2","ESR1"
"814","SMARCA2","MBD3"
"815","SMARCA2","TRIM33"
"816","SMARCA2","MECP2"
"817","SMARCA2","ZMYND11"
"818","SMARCA2","ARID1B"
"819","CIRBP","CAPRIN1"
"820","CIRBP","APP"
"821","USP7","GTF2I"
"822","USP7","PPL"
"823","USP7","CRKL"
"824","USP7","FKBP5"
"825","USP7","DNMT3A"
"826","USP7","ARNT2"
"827","USP7","AKAP1"
"828","USP7","NOTCH1"
"829","USP7","ZNF423"
"830","GTF2I","SRRM2"
"831","GTF2I","SLU7"
"832","GTF2I","SNRPN"
"833","GTF2I","ADSL"
"834","GTF2I","ATF6"
"835","EIF3A","APC"
"836","EIF3A","DISC1"
"837","EIF3A","ITGA4"
"838","DYRK1A","PRKAR1A"
"839","DYRK1A","YWHAB"
"840","DYRK1A","YWHAE"
"841","DYRK1A","APP"
"842","DYRK1A","DNM1"
"843","PRKAR1A","RFC2"
"844","PRKAR1A","SET"
"845","PRKAR1A","CBS"
"846","PRKAR1A","CDH2"
"847","PRKAR1A","MTOR"
"848","PRKAR1A","AKAP1"
"849","PTGES3","GH1"
"850","PTGES3","HLA-B"
"851","PTGES3","FKBP5"
"852","PTGES3","NR3C1"
"853","PTGES3","GZMB"
"854","PTGES3","ESR1"
"855","PTGES3","NOS2"
"856","PTGES3","NR3C2"
"857","MSN","HLA-B"
"858","MSN","IL2"
"859","MSN","TSC1"
"860","MSN","ITGA4"
"861","PLA2G4A","ACTB"
"862","PLA2G4A","NR3C1"
"863","PLA2G4A","CASP1"
"864","PLA2G4A","NOS2"
"865","PLA2G4A","SHBG"
"866","PLA2G4A","PTGS2"
"867","CAPRIN1","HLA-B"
"868","CAPRIN1","APP"
"869","CAPRIN1","ESR1"
"870","TSC2","YWHAB"
"871","TSC2","YWHAE"
"872","TSC2","UBE3A"
"873","TSC2","PTK2"
"874","TSC2","ESR1"
"875","TSC2","MTOR"
"876","TSC2","TSC1"
"877","SRRM2","BAZ1B"
"878","SRRM2","YWHAB"
"879","SRRM2","RBM8A"
"880","SRRM2","YWHAE"
"881","SRRM2","SLU7"
"882","SRRM2","APP"
"883","SRRM2","ESR1"
"884","SRRM2","MBD3"
"885","SRRM2","BCAS2"
"886","SRRM2","SCP2"
"887","PREX1","MTOR"
"888","MYO1D","ESR1"
"889","RAB2A","HLA-B"
"890","RFC2","RFC1"
"891","RFC2","PITX2"
"892","CS","HLA-B"
"893","CS","ALDOA"
"894","HSD17B4","CAT"
"895","HSD17B4","SCP2"
"896","SLC25A1","HLA-B"
"897","SUB1","BANF1"
"898","SUB1","APP"
"899","PCBD1","FXR2"
"900","PCBD1","APP"
"901","PCBD1","EHMT1"
"902","PCBD1","PAH"
"903","BAZ1B","ESR1"
"904","BAZ1B","MBD3"
"905","BAZ1B","TRIM33"
"906","YWHAB","IRS2"
"907","YWHAB","YWHAE"
"908","YWHAB","GEM"
"909","YWHAB","APP"
"910","YWHAB","TRIM32"
"911","YWHAB","RASGRF1"
"912","YWHAB","ESR1"
"913","YWHAB","TSC1"
"914","YWHAB","DOCK4"
"915","YWHAB","ITGA4"
"916","YWHAB","MAPT"
"917","BANF1","HLA-B"
"918","BANF1","SET"
"919","BANF1","XPC"
"920","GH1","SET"
"921","GH1","GHR"
"922","GH1","PRLR"
"923","GH1","CSDE1"
"924","HLA-B","SET"
"925","HLA-B","GLUL"
"926","HLA-B","GDI1"
"927","HLA-B","SND1"
"928","HLA-B","NDUFS1"
"929","HLA-B","CSDE1"
"930","SET","APP"
"931","SET","XPO1"
"932","SET","TAF1C"
"933","SET","NR3C1"
"934","SET","PIK3CG"
"935","NTRK1","NTF3"
"936","NTRK1","NGF"
"937","NTRK1","ARHGAP32"
"938","NTRK1","SH2B1"
"939","NTRK1","NGFR"
"940","GDI1","ASL"
"941","SND1","APP"
"942","SND1","LZTR1"
"943","SND1","ITGA4"
"944","RBM8A","SLU7"
"945","RBM8A","APP"
"946","NDUFS1","GJA1"
"947","NDUFS1","NDUFV1"
"948","LIG4","GSTP1"
"949","LIG4","TOP1"
"950","LIG4","ALDOA"
"951","LIG4","CTSD"
"952","LIG4","HMGN1"
"953","ADRB2","HTR4"
"954","TBR1","CASK"
"955","RAB3A","APP"
"956","RAB3A","RIMS1"
"957","ABCB1","EGR2"
"958","ABCB1","NR1I2"
"959","ABCB1","PHB2"
"960","ABCB1","FBXO15"
"961","FXR2","CBS"
"962","FXR2","CYFIP1"
"963","FXR2","FMR1"
"964","FXR2","PTS"
"965","CYP1B1","ESR1"
"966","IRS2","YWHAE"
"967","IRS2","PIK3CA"
"968","IRS2","ESR1"
"969","ACTB","BAIAP2"
"970","ACTB","AR"
"971","ACTB","APP"
"972","ACTB","NCOA6"
"973","ACTB","DNMT3B"
"974","ACTB","DAB2"
"975","ACTB","MAP2"
"976","ACTB","ESR1"
"977","ACTB","TSC1"
"978","ACTB","ESR2"
"979","ACTB","SHBG"
"980","ACTB","ITGA4"
"981","ACTB","PITX3"
"982","ACTB","SLC12A3"
"983","ARHGEF15","UBE3A"
"984","YWHAE","BAIAP2"
"985","YWHAE","UBE3A"
"986","YWHAE","XPO1"
"987","YWHAE","TRIM32"
"988","YWHAE","DISC1"
"989","YWHAE","MARK1"
"990","YWHAE","SIK1"
"991","YWHAE","HLA-DRB1"
"992","YWHAE","ATP2B2"
"993","YWHAE","ESR1"
"994","YWHAE","NOS2"
"995","YWHAE","TSC1"
"996","YWHAE","ITGA4"
"997","DDIT3","RAI1"
"998","DDIT3","FOSB"
"999","RORA","PTBP1"
"1000","SMAD4","AR"
"1001","SMAD4","SERPINE1"
"1002","SMAD4","APP"
"1003","SMAD4","SNRNP70"
"1004","SMAD4","NF1"
"1005","SMAD4","VEGFA"
"1006","SMAD4","TRIM33"
"1007","SMAD4","ELN"
"1008","SMAD4","SKI"
"1009","SMAD4","ZNF423"
"1010","SMAD4","PLG"
"1011","LASP1","DNM1"
"1012","RAI1","LZTR1"
"1013","RAI1","TESC"
"1014","GFAP","APP"
"1015","RNF40","AR"
"1016","RNF40","WAC"
"1017","RNF40","NOTCH1"
"1018","NDUFA5","APP"
"1019","BAIAP2","APP"
"1020","BAIAP2","SHANK1"
"1021","SLU7","TNF"
"1022","HOMER1","GRIA1"
"1023","HOMER1","RYR2"
"1024","AR","UBE3A"
"1025","AR","FKBP5"
"1026","AR","TCF4"
"1027","AR","NCOA6"
"1028","AR","CHD8"
"1029","AR","GRIP1"
"1030","AR","BAG1"
"1031","AR","DDC"
"1032","AR","PAX3"
"1033","AR","CASP1"
"1034","AR","PRKCB"
"1035","AR","TBL1XR1"
"1036","AR","NPAS2"
"1037","AR","CUX2"
"1038","AR","RREB1"
"1039","AR","PARK7"
"1040","AR","STK39"
"1041","AR","NSD1"
"1042","AR","JMJD1C"
"1043","CRKL","SOS1"
"1044","CRKL","ARHGAP32"
"1045","CRKL","PTK2"
"1046","CRKL","WAC"
"1047","CRKL","ERBB4"
"1048","ITGAV","PTK2"
"1049","ITGAV","PTPRZ1"
"1050","ITGAV","ITGB3"
"1051","GSTP1","ITGA4"
"1052","ITPR1","SDC2"
"1053","ITPR1","TRPC6"
"1054","ITPR1","ITPR3"
"1055","PTBP1","APP"
"1056","PTBP1","ESR1"
"1057","PTBP1","NOS2"
"1058","PTBP1","NOTCH1"
"1059","PTBP1","ITGA4"
"1060","UBE3A","APP"
"1061","UBE3A","HERC2"
"1062","UBE3A","NR3C1"
"1063","UBE3A","ESR1"
"1064","UBE3A","ESR2"
"1065","UBE3A","SHBG"
"1066","UBE3A","SOD1"
"1067","EIF4E","APP"
"1068","EIF4E","MTOR"
"1069","EIF4E","CYFIP1"
"1070","EIF4E","ITGA4"
"1071","EIF4E","TYMP"
"1072","CASK","DLG4"
"1073","CASK","SDC2"
"1074","SERPINE1","NOS2"
"1075","SERPINE1","PLG"
"1076","APP","ARHGAP24"
"1077","APP","FKBP5"
"1078","APP","TOP1"
"1079","APP","LIMK1"
"1080","APP","DMD"
"1081","APP","MBD1"
"1082","APP","DLG4"
"1083","APP","LMX1B"
"1084","APP","PTK2"
"1085","APP","CDK5"
"1086","APP","DNM1"
"1087","APP","IL15"
"1088","APP","MBP"
"1089","APP","WAC"
"1090","APP","SNRNP70"
"1091","APP","DAB2"
"1092","APP","SOX5"
"1093","APP","PDE4D"
"1094","APP","MAP2"
"1095","APP","CAT"
"1096","APP","NF1"
"1097","APP","CTSD"
"1098","APP","NTRK3"
"1099","APP","IL1B"
"1100","APP","ING3"
"1101","APP","NGFR"
"1102","APP","ARNT2"
"1103","APP","BDNF"
"1104","APP","AKAP1"
"1105","APP","LRP2"
"1106","APP","APOE"
"1107","APP","TPH1"
"1108","APP","NOTCH1"
"1109","APP","AGER"
"1110","APP","MAPT"
"1111","APP","H2AFY"
"1112","APP","CARS"
"1113","APP","PHF8"
"1114","APP","INS"
"1115","APP","ATF6"
"1116","APP","POMC"
"1117","APP","DAB1"
"1118","APP","SLC1A1"
"1119","APP","ITGA6"
"1120","APP","CHRNA7"
"1121","APP","APBA2"
"1122","APP","RPS6KA6"
"1123","APP","ACSL4"
"1124","APP","NAGA"
"1125","APP","POGZ"
"1126","APP","GABRA4"
"1127","APP","HAGH"
"1128","APP","KCNJ10"
"1129","APP","TFPI"
"1130","APC","XPO1"
"1131","APC","SYNE1"
"1132","APC","LRP8"
"1133","XPO1","ESR1"
"1134","XPO1","ITGA4"
"1135","FKBP5","NR3C1"
"1136","FKBP5","ESR1"
"1137","FKBP5","NR3C2"
"1138","TF","ESR1"
"1139","TF","IGF2"
"1140","TF","HFE"
"1141","TF","IGF1"
"1142","TF","LAMC3"
"1143","TOP1","TRIM32"
"1144","TOP1","SNRNP70"
"1145","TOP1","ESR1"
"1146","TOP1","MKI67"
"1147","TOP1","ITGA4"
"1148","TOP1","H2AFY"
"1149","DNMT3A","DNMT3B"
"1150","DNMT3A","EHMT1"
"1151","LIMK1","MBP"
"1152","TCF4","VEGFA"
"1153","TCF4","TRIM33"
"1154","HOXB1","NR3C1"
"1155","NTF3","NTRK2"
"1156","NTF3","NTRK3"
"1157","NTF3","BDNF"
"1158","ALDOA","ESR1"
"1159","ALDOA","GJA1"
"1160","ALDOA","ITGA4"
"1161","XPC","MECP2"
"1162","RNF8","HERC2"
"1163","RNF8","MCPH1"
"1164","NCOA6","GHR"
"1165","NCOA6","GRIP1"
"1166","NCOA6","NR3C1"
"1167","NCOA6","ESR1"
"1168","NCOA6","ESR2"
"1169","NCOA6","NR1I2"
"1170","TRIM32","NOTCH1"
"1171","RERE","LZTR1"
"1172","DMD","DISC1"
"1173","DPYSL2","DISC1"
"1174","DISC1","HERC2"
"1175","DISC1","STX18"
"1176","DISC1","PDE4B"
"1177","DISC1","SYNE1"
"1178","DISC1","COL4A1"
"1179","SETD1A","CXXC1"
"1180","SETD1A","SMARCA1"
"1181","SETD1A","PHF8"
"1182","DNMT3B","MBD4"
"1183","DNMT3B","ESR1"
"1184","DNMT3B","TWIST1"
"1185","SOS1","MET"
"1186","SYNE1","ESR1"
"1187","GCHFR","GCH1"
"1188","NGF","NGFR"
"1189","DLG4","ERBB4"
"1190","DLG4","GRIA2"
"1191","DLG4","HTR2A"
"1192","DLG4","KCND2"
"1193","DLG4","DLGAP2"
"1194","DLG4","LRP2"
"1195","DLG4","NOS1"
"1196","DLG4","GRIN2A"
"1197","DLG4","LRP8"
"1198","MARK1","MAPT"
"1199","MARK1","GJA5"
"1200","FSHB","CGA"
"1201","SDC2","NF1"
"1202","SDC2","PRKCB"
"1203","SDC2","CSF2"
"1204","PRLR","PRL"
"1205","PTK2","PIK3CA"
"1206","PTK2","TSC1"
"1207","PTK2","ITGA4"
"1208","PTK2","ITGB3"
"1209","PTK2","NEO1"
"1210","CDK5","DNM1"
"1211","CDK5","MBP"
"1212","CDK5","ESR1"
"1213","CDK5","MAPT"
"1214","CDK5","DAB1"
"1215","RFC1","NOTCH1"
"1216","MYO16","NRXN1"
"1217","SH2B1","NTRK2"
"1218","CHD8","CHD7"
"1219","SETD2","CLK2"
"1220","LAMB1","LAMC3"
"1221","MBP","HLA-DRB1"
"1222","MBP","STK39"
"1223","MBP","RPS6KA6"
"1224","RNF216","UBE2H"
"1225","SNRNP70","RASGRF1"
"1226","SNRNP70","SHBG"
"1227","SNRNP70","ITGA4"
"1228","SNRNP70","CLK2"
"1229","HEY1","NOTCH1"
"1230","GRIP1","GRIA2"
"1231","GRIP1","NR3C1"
"1232","GRIP1","ESR1"
"1233","GRIP1","GRIA1"
"1234","DAB2","LRP2"
"1235","BMP4","SOSTDC1"
"1236","PDE4D","PIK3CA"
"1237","PDE4D","PIK3CG"
"1238","CGA","NR3C1"
"1239","CGA","ESR1"
"1240","CGA","LHCGR"
"1241","GRIA2","GRIA1"
"1242","GABBR1","GABBR2"
"1243","MIB1","CMIP"
"1244","CAT","MECP2"
"1245","VIPR1","SCT"
"1246","BAG1","NR3C1"
"1247","BAG1","ESR1"
"1248","BAG1","MAPT"
"1249","BAG1","PTGS2"
"1250","BAG1","PARK7"
"1251","SLC6A3","DRD2"
"1252","SLC6A3","PITX3"
"1253","CDH2","CTNND2"
"1254","CLIP1","NR3C1"
"1255","CLIP1","MTOR"
"1256","SNRPN","CLK2"
"1257","NR3C1","CSF2"
"1258","NR3C1","NTRK2"
"1259","NR3C1","CD38"
"1260","NR3C1","CCL2"
"1261","NR3C1","IL5"
"1262","NR3C1","ADA"
"1263","NR3C1","ZBTB20"
"1264","NR3C1","NR3C2"
"1265","NR3C1","ALDH5A1"
"1266","MEF2A","PHB2"
"1267","DDC","POU3F2"
"1268","DDC","ATF6"
"1269","PAX3","POU3F2"
"1270","PAX3","MSX1"
"1271","CASP1","GZMB"
"1272","CASP1","IL1B"
"1273","CASP1","IL1A"
"1274","RELN","VLDLR"
"1275","RELN","LRP8"
"1276","PIK3CD","PIK3CG"
"1277","GZMB","PRF1"
"1278","GZMB","NOTCH1"
"1279","PIK3CA","ESR1"
"1280","PIK3CA","NOTCH1"
"1281","PRKCB","NCAM1"
"1282","TNFRSF10A","FOSB"
"1283","TNFRSF10A","PARK7"
"1284","TBL1XR1","ESR1"
"1285","TBL1XR1","NOTCH1"
"1286","TBL1XR1","SKI"
"1287","TBL1XR1","TBL1X"
"1288","PIK3CG","NRAS"
"1289","ESR1","CTSD"
"1290","ESR1","PRL"
"1291","ESR1","TNF"
"1292","ESR1","TSC1"
"1293","ESR1","ESR2"
"1294","ESR1","MKI67"
"1295","ESR1","APOE"
"1296","ESR1","VEGFA"
"1297","ESR1","TWIST1"
"1298","ESR1","SKI"
"1299","ESR1","MED12"
"1300","ESR1","H2AFY"
"1301","ESR1","TBL2"
"1302","ESR1","AKAP8"
"1303","ESR1","FMR1"
"1304","ESR1","BCAS2"
"1305","ESR1","PHB2"
"1306","MBD3","TRIM33"
"1307","MBD3","PARK7"
"1308","NOS2","NR1I2"
"1309","CTSD","ESR2"
"1310","CTSD","SHBG"
"1311","LITAF","TNF"
"1312","PRL","ESR2"
"1313","PRL","PITX2"
"1314","NTRK2","BDNF"
"1315","TNF","ESR2"
"1316","TNF","PTPRZ1"
"1317","TNF","CARS"
"1318","MTOR","GPHN"
"1319","TSC1","RAB11FIP5"
"1320","DRD1","ADA"
"1321","ESR2","VEGFA"
"1322","ESR2","MED12"
"1323","ESR2","JMJD1C"
"1324","ESR2","BCAS2"
"1325","MAZ","HTR1A"
"1326","DRD5","NCS1"
"1327","DRD2","ADORA2A"
"1328","DRD2","NCS1"
"1329","ADORA2A","ADA"
"1330","ADORA2A","CNR1"
"1331","DRD3","NCS1"
"1332","DPP4","ADA"
"1333","NRP2","VEGFA"
"1334","NUFIP2","FMR1"
"1335","KCND2","CACNA1H"
"1336","KCND2","NCS1"
"1337","CYFIP1","FMR1"
"1338","LRP2","APOE"
"1339","LRP2","DAB1"
"1340","LRP2","APBA2"
"1341","LRP2","SCN3A"
"1342","CDKL5","MECP2"
"1343","APOE","MAPT"
"1344","APOE","PITX3"
"1345","APOE","VLDLR"
"1346","APOE","LRP8"
"1347","SOX9","MAF"
"1348","SOX9","MED12"
"1349","HTR1A","HTR1D"
"1350","GJA1","SOD1"
"1351","GJA1","TXNRD1"
"1352","GJA1","GJA5"
"1353","NOS1","SYN1"
"1354","SOD1","PARK7"
"1355","LZTR1","EHMT1"
"1356","TRPC6","ITPR3"
"1357","PTPRZ1","ITGB3"
"1358","SLC1A2","MAPT"
"1359","NOTCH1","CAMK4"
"1360","NOTCH1","PHF8"
"1361","SKI","MECP2"
"1362","ITGA4","PHB2"
"1363","SMARCA1","ARID1B"
"1364","JARID2","EHMT1"
"1365","ROBO1","ROBO4"
"1366","CHD7","ZBTB20"
"1367","TBL2","SCP2"
"1368","PITX3","PARK7"
"1369","PITX3","KNG1"
"1370","PITX3","PON1"
"1371","PITX3","TFPI"
"1372","PARK7","CHD2"
"1373","ZNF423","CEP290"
"1374","RYR3","RYR2"
"1375","STK39","EHD1"
"1376","IL1RAPL1","NCS1"
"1377","KNG1","PLG"
"1378","DAB1","VLDLR"
"1379","DAB1","LRP8"
"1380","QDPR","PAH"
"1381","APBA2","LRP8"
"1382","SCN3A","LRP8"
"1383","NDUFV1","TMEM189"
"1384","BCAS2","TFPI"
"1385","GLI3","CREBBP"
"1386","GLI3","BCL2"
"1387","GLI3","YWHAE"
"1388","GLI3","SKI"
"1389","GLI3","MED12"
"1390","GLI3","CHD7"
"1391","SIN3A","HTT"
"1392","SIN3A","TP53"
"1393","SIN3A","SP1"
"1394","SIN3A","SETDB1"
"1395","SIN3A","SMARCA2"
"1396","SIN3A","BAZ1B"
"1397","SIN3A","AR"
"1398","SIN3A","DNMT3B"
"1399","SIN3A","MBD4"
"1400","SIN3A","ESR1"
"1401","SIN3A","MBD3"
"1402","SIN3A","MAF"
"1403","SIN3A","SKI"
"1404","SIN3A","TBL1X"
"1405","SIN3A","MECP2"
"1406","CREBBP","HTT"
"1407","CREBBP","TP53"
"1408","CREBBP","AKT1"
"1409","CREBBP","SP1"
"1410","CREBBP","CTNNB1"
"1411","CREBBP","MAPK10"
"1412","CREBBP","SRC"
"1413","CREBBP","IL6"
"1414","CREBBP","EP300"
"1415","CREBBP","SMARCA2"
"1416","CREBBP","DYRK1A"
"1417","CREBBP","SND1"
"1418","CREBBP","LIG4"
"1419","CREBBP","AR"
"1420","CREBBP","APC"
"1421","CREBBP","NCOA6"
"1422","CREBBP","SETD1A"
"1423","CREBBP","PRLR"
"1424","CREBBP","GRIP1"
"1425","CREBBP","NR3C1"
"1426","CREBBP","ESR1"
"1427","CREBBP","NPAS2"
"1428","CREBBP","TNF"
"1429","CREBBP","ESR2"
"1430","CREBBP","MSX1"
"1431","CREBBP","VEGFA"
"1432","CREBBP","MAF"
"1433","CREBBP","FOSB"
"1434","CREBBP","NEUROG1"
"1435","CREBBP","HOXD13"
"1436","CREBBP","CUX1"
"1437","CREBBP","MTF1"
"1438","CREBBP","HOXD12"
"1439","MTNR1A","MTNR1B"
"1440","MTNR1A","RAC1"
"1441","MTNR1A","GPR50"
"1442","MTNR1B","GPR50"
"1443","HTT","TP53"
"1444","HTT","AKT1"
"1445","HTT","SP1"
"1446","HTT","CTNNB1"
"1447","HTT","HIP1"
"1448","HTT","MAP1LC3B"
"1449","HTT","MBD1"
"1450","HTT","MBD4"
"1451","HTT","SETD2"
"1452","HTT","SLC2A4RG"
"1453","DLG3","APC"
"1454","DLG3","DLG4"
"1455","DLG3","ERBB4"
"1456","DLG3","ATP2B2"
"1457","DLG3","LRP2"
"1458","DLG3","GRIN2A"
"1459","DLG3","GRIN2B"
"1460","DLG3","NLGN2"
"1461","DLG3","GRIK2"
"1462","DLG3","SYNGAP1"
"1463","DLG3","NLGN3"
"1464","MPDZ","HTR2A"
"1465","MPDZ","DRD3"
"1466","DLG2","DLG4"
"1467","DLG2","ERBB4"
"1468","DLG2","ATP2B2"
"1469","DLG2","LRP2"
"1470","DLG2","NOS1"
"1471","DLG2","GRIN2A"
"1472","DLG2","GRIN2B"
"1473","DLG2","NLGN2"
"1474","DLG2","NLGN3"
"1475","LIN7B","CASK"
"1476","LIN7B","DLG4"
"1477","LIN7B","GRIN2B"
"1478","TP53","SP1"
"1479","TP53","MAPK8"
"1480","TP53","MAPK1"
"1481","TP53","MAPK3"
"1482","TP53","BCL2"
"1483","TP53","HRAS"
"1484","TP53","MAPK10"
"1485","TP53","IGFBP3"
"1486","TP53","PTEN"
"1487","TP53","EP300"
"1488","TP53","YWHAZ"
"1489","TP53","PPP4C"
"1490","TP53","USP7"
"1491","TP53","SUB1"
"1492","TP53","SET"
"1493","TP53","YWHAE"
"1494","TP53","PITX1"
"1495","TP53","RNF40"
"1496","TP53","AR"
"1497","TP53","UBE3A"
"1498","TP53","APC"
"1499","TP53","XPO1"
"1500","TP53","TOP1"
"1501","TP53","GHR"
"1502","TP53","PTK2"
"1503","TP53","CDK5"
"1504","TP53","RFC1"
"1505","TP53","CUL7"
"1506","TP53","STATH"
"1507","TP53","CHD8"
"1508","TP53","SETD2"
"1509","TP53","ERBB4"
"1510","TP53","RASGRF1"
"1511","TP53","TAF1C"
"1512","TP53","BAG1"
"1513","TP53","SNRPN"
"1514","TP53","NR3C1"
"1515","TP53","CASP1"
"1516","TP53","ESR1"
"1517","TP53","MTOR"
"1518","TP53","MSX1"
"1519","TP53","TWIST1"
"1520","TP53","SKI"
"1521","TP53","MUL1"
"1522","TP53","ZMYND11"
"1523","TP53","PTGS2"
"1524","TP53","PARK7"
"1525","TP53","EHMT1"
"1526","TP53","TXNRD1"
"1527","TP53","DHFR"
"1528","TP53","MIF"
"1529","TP53","AGT"
"1530","TP53","DHCR24"
"1531","AKT1","CTNNB1"
"1532","AKT1","SETDB1"
"1533","AKT1","SRC"
"1534","AKT1","NEDD4"
"1535","AKT1","PTEN"
"1536","AKT1","EP300"
"1537","AKT1","YWHAZ"
"1538","AKT1","PPL"
"1539","AKT1","TSC2"
"1540","AKT1","PREX1"
"1541","AKT1","ACTB"
"1542","AKT1","YWHAE"
"1543","AKT1","SMAD4"
"1544","AKT1","AR"
"1545","AKT1","ITPR1"
"1546","AKT1","APP"
"1547","AKT1","FKBP5"
"1548","AKT1","ALDOA"
"1549","AKT1","ARHGAP32"
"1550","AKT1","ESR1"
"1551","AKT1","MTOR"
"1552","AKT1","TSC1"
"1553","AKT1","CTNND2"
"1554","AKT1","NOTCH1"
"1555","AKT1","SKI"
"1556","AKT1","MAPT"
"1557","AKT1","MUL1"
"1558","AKT1","CLK2"
"1559","AKT1","ARHGEF2"
"1560","AKT1","PHB2"
"1561","TNFRSF1B","SLC25A1"
"1562","TNFRSF1B","XPO1"
"1563","TNFRSF1B","SLC1A3"
"1564","TNFRSF1B","TNF"
"1565","TNFRSF1B","LTA"
"1566","SP1","MAPK8"
"1567","SP1","MAPK1"
"1568","SP1","MAPK3"
"1569","SP1","CRK"
"1570","SP1","HRAS"
"1571","SP1","RPL10"
"1572","SP1","SRC"
"1573","SP1","ACTC1"
"1574","SP1","IGFBP3"
"1575","SP1","EP300"
"1576","SP1","SUB1"
"1577","SP1","GH1"
"1578","SP1","NTRK1"
"1579","SP1","ABCB1"
"1580","SP1","CBS"
"1581","SP1","SMAD4"
"1582","SP1","GFAP"
"1583","SP1","AR"
"1584","SP1","ITGAV"
"1585","SP1","SERPINE1"
"1586","SP1","ALDOA"
"1587","SP1","PRLR"
"1588","SP1","RFC1"
"1589","SP1","IFNG"
"1590","SP1","CAT"
"1591","SP1","CDH2"
"1592","SP1","ESR1"
"1593","SP1","CTSD"
"1594","SP1","IL2"
"1595","SP1","IL1B"
"1596","SP1","TNF"
"1597","SP1","ESR2"
"1598","SP1","MEF2C"
"1599","SP1","NGFR"
"1600","SP1","ADORA2A"
"1601","SP1","CCL2"
"1602","SP1","IL10"
"1603","SP1","IL1A"
"1604","SP1","MSX1"
"1605","SP1","APOE"
"1606","SP1","SOX9"
"1607","SP1","HTR1A"
"1608","SP1","VEGFA"
"1609","SP1","GJA1"
"1610","SP1","ADA"
"1611","SP1","MAOB"
"1612","SP1","NOS1"
"1613","SP1","SLC19A1"
"1614","SP1","SOD1"
"1615","SP1","COL4A1"
"1616","SP1","AGER"
"1617","SP1","SMARCA1"
"1618","SP1","CYP17A1"
"1619","SP1","MECP2"
"1620","SP1","MAOA"
"1621","SP1","KIR3DL1"
"1622","SP1","OPRM1"
"1623","SP1","FMR1"
"1624","SP1","ATF6"
"1625","SP1","ROBO4"
"1626","SP1","POGZ"
"1627","SP1","DBH"
"1628","SP1","FEZF1"
"1629","MAPK8","CTNNB1"
"1630","MAPK8","BCL2"
"1631","MAPK8","CRK"
"1632","MAPK8","HRAS"
"1633","MAPK8","MSN"
"1634","MAPK8","HSD17B4"
"1635","MAPK8","GSTP1"
"1636","MAPK8","APP"
"1637","MAPK8","DAB2"
"1638","MAPK8","MTOR"
"1639","MAPK1","MAPK3"
"1640","MAPK1","BCL2"
"1641","MAPK1","EP300"
"1642","MAPK1","GTF2I"
"1643","MAPK1","TSC2"
"1644","MAPK1","HLA-B"
"1645","MAPK1","AR"
"1646","MAPK1","CRKL"
"1647","MAPK1","GSTP1"
"1648","MAPK1","MBP"
"1649","MAPK1","IL4"
"1650","MAPK1","ESR1"
"1651","MAPK1","CTSD"
"1652","MAPK1","ESR2"
"1653","MAPK1","NOTCH1"
"1654","MAPK1","TH"
"1655","MAPK1","ARHGEF2"
"1656","MAPK3","GTF2I"
"1657","MAPK3","BAZ1B"
"1658","MAPK3","GH1"
"1659","MAPK3","MBP"
"1660","MAPK3","IL4"
"1661","MAPK3","TH"
"1662","MAPK3","RPS6KA6"
"1663","MAPK3","AVPR2"
"1664","EPS8","MAP1LC3B"
"1665","EPS8","SRC"
"1666","EPS8","BCKDK"
"1667","EPS8","BAIAP2"
"1668","EPS8","CASK"
"1669","EPS8","SOS1"
"1670","EPS8","ITGB3"
"1671","EPS8","SLC27A4"
"1672","HGF","SDC2"
"1673","HGF","MET"
"1674","CTNNB1","CDH10"
"1675","CTNNB1","PTEN"
"1676","CTNNB1","EP300"
"1677","CTNNB1","CCL7"
"1678","CTNNB1","YWHAZ"
"1679","CTNNB1","SMAD4"
"1680","CTNNB1","AR"
"1681","CTNNB1","APP"
"1682","CTNNB1","APC"
"1683","CTNNB1","TCF4"
"1684","CTNNB1","CHD8"
"1685","CTNNB1","TNRC6B"
"1686","CTNNB1","MET"
"1687","CTNNB1","GRIP1"
"1688","CTNNB1","CDH2"
"1689","CTNNB1","POU3F2"
"1690","CTNNB1","PIK3CA"
"1691","CTNNB1","TBL1XR1"
"1692","CTNNB1","ESR1"
"1693","CTNNB1","IL2"
"1694","CTNNB1","LRP2"
"1695","CTNNB1","VEGFA"
"1696","CTNNB1","PITX2"
"1697","CTNNB1","TYR"
"1698","CTNNB1","PTPRZ1"
"1699","CTNNB1","NOTCH1"
"1700","CTNNB1","TBL1X"
"1701","CTNNB1","STK39"
"1702","CTNNB1","CDH9"
"1703","CTNNB1","PHB2"
"1704","CTNNB1","CDH11"
"1705","CTNNB1","CDH17"
"1706","CTNNB1","CDH8"
"1707","BCL2","EP300"
"1708","BCL2","IRS2"
"1709","BCL2","ITPR1"
"1710","BCL2","EPHB2"
"1711","BCL2","BAG1"
"1712","BCL2","SOD1"
"1713","PAX6","EP300"
"1714","PAX6","SMAD4"
"1715","PAX6","AR"
"1716","PAX6","HOXB1"
"1717","CRK","SRC"
"1718","CRK","PTPN4"
"1719","CRK","HLA-B"
"1720","CRK","ACTB"
"1721","CRK","XPO1"
"1722","CRK","SOS1"
"1723","CRK","GHR"
"1724","CRK","ARHGAP32"
"1725","CRK","PTK2"
"1726","CRK","EPHB2"
"1727","CRK","ERBB4"
"1728","CRK","GABBR1"
"1729","CRK","PIK3CD"
"1730","CRK","PIK3CA"
"1731","CRK","DLGAP2"
"1732","CRK","ABAT"
"1733","CRK","CNTNAP1"
"1734","CRK","SYN1"
"1735","CRK","PIK3CB"
"1736","CRK","SPR"
"1737","CRK","CDH11"
"1738","CRK","AFF2"
"1739","HRAS","SRC"
"1740","HRAS","SOS1"
"1741","HRAS","RASGRF1"
"1742","HRAS","NF1"
"1743","HRAS","PIK3CD"
"1744","HRAS","PIK3CA"
"1745","HRAS","PIK3CG"
"1746","HRAS","DEAF1"
"1747","ALDH2","APP"
"1748","MAGED1","EP300"
"1749","MAGED1","SLC25A1"
"1750","MAGED1","RBFOX1"
"1751","MAGED1","NGFR"
"1752","SETDB1","APC"
"1753","SETDB1","DNMT3A"
"1754","SETDB1","DNMT3B"
"1755","SETDB1","MBD1"
"1756","SETDB1","JARID2"
"1757","SETDB1","EHMT1"
"1758","FXR1","FXR2"
"1759","FXR1","NOS2"
"1760","FXR1","CYFIP1"
"1761","FXR1","FMR1"
"1762","RPL10","SRC"
"1763","RPL10","YWHAZ"
"1764","RPL10","ESR1"
"1765","RPL10","ITGA4"
"1766","PRRT2","SNAP25"
"1767","MAPK8IP2","MAPK10"
"1768","MAPK8IP2","RAI1"
"1769","MAPK8IP2","IL1B"
"1770","MAPK8IP2","LRP2"
"1771","MAPK8IP2","LRP8"
"1772","SHMT1","GJA1"
"1773","SHMT1","CARS"
"1774","NBEA","NOTCH1"
"1775","STX1A","SNAP25"
"1776","STX1A","RNF40"
"1777","STX1A","CDK5"
"1778","STX1A","SLC6A3"
"1779","STX1A","SLC6A2"
"1780","STX1A","SLC6A4"
"1781","STX1A","STXBP1"
"1782","MAP1LC3B","NEDD4"
"1783","MAP1LC3B","PRKAR1A"
"1784","MAP1LC3B","DNMT3B"
"1785","MAP1LC3B","ADNP"
"1786","MAPK10","MSN"
"1787","MAPK10","APP"
"1788","MAPK10","GCH1"
"1789","MAPK10","CEP290"
"1790","HIRIP3","SET"
"1791","HIRIP3","APP"
"1792","HIRIP3","CARS"
"1793","HIRIP3","TSNAX"
"1794","SNAP25","APP"
"1795","SRC","EP300"
"1796","SRC","PLA2G4A"
"1797","SRC","ADRB2"
"1798","SRC","ACTB"
"1799","SRC","RORA"
"1800","SRC","AR"
"1801","SRC","NCOA6"
"1802","SRC","SOS1"
"1803","SRC","ARHGAP32"
"1804","SRC","PTK2"
"1805","SRC","DNM1"
"1806","SRC","EPHB2"
"1807","SRC","MET"
"1808","SRC","DAB2"
"1809","SRC","PDE4D"
"1810","SRC","MAP2"
"1811","SRC","NR3C1"
"1812","SRC","PAX3"
"1813","SRC","ESR1"
"1814","SRC","ESR2"
"1815","SRC","MKI67"
"1816","SRC","DLGAP2"
"1817","SRC","NR1I2"
"1818","SRC","GJA1"
"1819","SRC","TRPC6"
"1820","SRC","PTPRA"
"1821","SRC","GRIN2A"
"1822","SRC","SYN1"
"1823","SRC","NR3C2"
"1824","ACTC1","ESR1"
"1825","ACTC1","ITGA4"
"1826","SOD2","MCC"
"1827","SOD2","SMARCA2"
"1828","SOD2","HLA-B"
"1829","SOD2","APP"
"1830","SOD2","SOD1"
"1831","SOD2","TBL2"
"1832","SOD2","ALDH5A1"
"1833","SCN2A","ANK3"
"1834","PNO1","GSTP1"
"1835","IL6","EP300"
"1836","IL6","NR3C1"
"1837","ATRX","PTPN4"
"1838","PTPN4","GRIN2A"
"1839","PLAUR","KNG1"
"1840","PLAUR","FAP"
"1841","COMT","MCC"
"1842","COMT","LITAF"
"1843","IGFBP3","AR"
"1844","IGFBP3","TF"
"1845","IGFBP3","IGF2"
"1846","IGFBP3","IGF1"
"1847","IGFBP3","PLG"
"1848","WFS1","ATF6"
"1849","FOXG1","EP300"
"1850","FOXG1","APOE"
"1851","ROBO2","ROBO1"
"1852","NEDD4","PTEN"
"1853","NEDD4","RAC1"
"1854","NEDD4","NTRK1"
"1855","NEDD4","ADRB2"
"1856","NEDD4","BAIAP2"
"1857","NEDD4","DMD"
"1858","NEDD4","CDK5"
"1859","NEDD4","ERBB4"
"1860","NEDD4","MAP2"
"1861","NEDD4","SLC6A3"
"1862","NEDD4","LITAF"
"1863","NEDD4","GJA1"
"1864","NEDD4","CAMK4"
"1865","NEDD4","SCN8A"
"1866","NEDD4","GRIA1"
"1867","NEDD4","KCNAB2"
"1868","NEDD4","SLC12A3"
"1869","PTEN","AR"
"1870","PTEN","CRKL"
"1871","PTEN","PTK2"
"1872","PTEN","ESR1"
"1873","PTEN","MED12"
"1874","PTEN","PARK7"
"1875","TRIO","RAC1"
"1876","TRIO","DISC1"
"1877","TRIO","DAB2"
"1878","TRIO","BCAS2"
"1879","EP300","SMARCA2"
"1880","EP300","DYRK1A"
"1881","EP300","PLA2G4A"
"1882","EP300","SUB1"
"1883","EP300","PCBD1"
"1884","EP300","ACTB"
"1885","EP300","DDIT3"
"1886","EP300","RORA"
"1887","EP300","SMAD4"
"1888","EP300","AR"
"1889","EP300","CASK"
"1890","EP300","TCF4"
"1891","EP300","NCOA6"
"1892","EP300","IFNG"
"1893","EP300","GRIP1"
"1894","EP300","NR3C1"
"1895","EP300","MEF2A"
"1896","EP300","POU3F2"
"1897","EP300","CASP1"
"1898","EP300","IL4"
"1899","EP300","ESR1"
"1900","EP300","NPAS2"
"1901","EP300","IL2"
"1902","EP300","TNF"
"1903","EP300","ESR2"
"1904","EP300","MEF2C"
"1905","EP300","CLOCK"
"1906","EP300","SOX9"
"1907","EP300","VEGFA"
"1908","EP300","TWIST1"
"1909","EP300","MAF"
"1910","EP300","FOSB"
"1911","EP300","NOTCH1"
"1912","EP300","PDE4A"
"1913","EP300","MAPT"
"1914","EP300","NEUROG1"
"1915","EP300","PTGS2"
"1916","EP300","HMGN1"
"1917","EP300","PLG"
"1918","EP300","DAO"
"1919","EP300","BCAS2"
"1920","EP300","TSNAX"
"1921","EP300","MTF1"
"1922","CCL7","NR3C1"
"1923","YWHAZ","EIF3A"
"1924","YWHAZ","TSC2"
"1925","YWHAZ","SRRM2"
"1926","YWHAZ","SUB1"
"1927","YWHAZ","YWHAB"
"1928","YWHAZ","SET"
"1929","YWHAZ","GDI1"
"1930","YWHAZ","IRS2"
"1931","YWHAZ","ACTB"
"1932","YWHAZ","YWHAE"
"1933","YWHAZ","BAIAP2"
"1934","YWHAZ","PTBP1"
"1935","YWHAZ","UBE3A"
"1936","YWHAZ","APP"
"1937","YWHAZ","APC"
"1938","YWHAZ","XPO1"
"1939","YWHAZ","LIMK1"
"1940","YWHAZ","ALDOA"
"1941","YWHAZ","TRIM32"
"1942","YWHAZ","DISC1"
"1943","YWHAZ","GCH1"
"1944","YWHAZ","MARK1"
"1945","YWHAZ","SIK1"
"1946","YWHAZ","PRLR"
"1947","YWHAZ","MET"
"1948","YWHAZ","SNRPN"
"1949","YWHAZ","ESR1"
"1950","YWHAZ","NOS2"
"1951","YWHAZ","MTOR"
"1952","YWHAZ","TSC1"
"1953","YWHAZ","MEF2C"
"1954","YWHAZ","CYFIP1"
"1955","YWHAZ","GJA1"
"1956","YWHAZ","TPH1"
"1957","YWHAZ","ITGA4"
"1958","YWHAZ","MAPT"
"1959","YWHAZ","FAN1"
"1960","YWHAZ","HMGN1"
"1961","YWHAZ","TH"
"1962","YWHAZ","SPR"
"1963","YWHAZ","ACSL4"
"1964","YWHAZ","ARHGEF2"
"1965","YWHAZ","AANAT"
"1966","PAFAH1B1","MSN"
"1967","PAFAH1B1","DISC1"
"1968","PAFAH1B1","PDE4B"
"1969","PAFAH1B1","PDE4D"
"1970","PAFAH1B1","CLIP1"
"1971","PAFAH1B1","NDE1"
"1972","L1CAM","ITGAV"
"1973","UPF3B","RBM8A"
"1974","OGG1","XPC"
"1975","RAC1","SET"
"1976","RAC1","ACTB"
"1977","RAC1","BAIAP2"
"1978","RAC1","ARHGAP32"
"1979","RAC1","PTK2"
"1980","RAC1","CLIP1"
"1981","RAC1","NOS2"
"1982","RAC1","TNF"
"1983","RAC1","CYFIP1"
"1984","RAC1","CNTNAP1"
"1985","RAC1","SOD1"
"1986","RAC1","ITGA4"
"1987","RAC1","DIAPH3"
"1988","RAC1","OPHN1"
"1989","RAC1","ARHGEF2"
"1990","MCM7","MCC"
"1991","MCM7","HLA-B"
"1992","MCM7","RBM8A"
"1993","MCM7","UBE3A"
"1994","MCM7","APP"
"1995","MCM7","CCL2"
"1996","MCM7","ITGA4"
"1997","MCC","APRT"
"1998","MCC","FABP5"
"1999","MCC","RANBP1"
"2000","MCC","EIF3A"
"2001","MCC","PTGES3"
"2002","MCC","RAB2A"
"2003","MCC","KATNAL2"
"2004","MCC","CS"
"2005","MCC","APP"
"2006","MCC","CSDE1"
"2007","MCC","ACACA"
"2008","MCC","BCAS2"
"2009","MCC","PHB2"
"2010","BCKDK","APP"
"2011","PPP4C","SRRM2"
"2012","PPP4C","MYO1D"
"2013","PPP4C","PPP2R5D"
"2014","APRT","GH1"
"2015","APRT","APP"
"2016","APRT","ITGA4"
"2017","FABP5","GH1"
"2018","RANBP1","GH1"
"2019","RANBP1","HLA-B"
"2020","RANBP1","XPO1"
"2021","ICA1","CNTF"
"2022","HTR1B","HTR1A"
"2023","HTR1B","HTR1D"
"2024","LXN","CIRBP"
"2025","SMARCA2","PCBD1"
"2026","SMARCA2","BANF1"
"2027","SMARCA2","PITX1"
"2028","SMARCA2","AR"
"2029","SMARCA2","NR3C1"
"2030","SMARCA2","MCPH1"
"2031","SMARCA2","ESR1"
"2032","SMARCA2","MBD3"
"2033","SMARCA2","TRIM33"
"2034","SMARCA2","MECP2"
"2035","SMARCA2","ZMYND11"
"2036","SMARCA2","ARID1B"
"2037","CIRBP","CAPRIN1"
"2038","CIRBP","APP"
"2039","USP7","GTF2I"
"2040","USP7","PPL"
"2041","USP7","CRKL"
"2042","USP7","FKBP5"
"2043","USP7","DNMT3A"
"2044","USP7","ARNT2"
"2045","USP7","AKAP1"
"2046","USP7","NOTCH1"
"2047","USP7","ZNF423"
"2048","GTF2I","SRRM2"
"2049","GTF2I","SLU7"
"2050","GTF2I","SNRPN"
"2051","GTF2I","ADSL"
"2052","GTF2I","ATF6"
"2053","EIF3A","APC"
"2054","EIF3A","DISC1"
"2055","EIF3A","ITGA4"
"2056","DYRK1A","PRKAR1A"
"2057","DYRK1A","YWHAB"
"2058","DYRK1A","YWHAE"
"2059","DYRK1A","APP"
"2060","DYRK1A","DNM1"
"2061","PRKAR1A","RFC2"
"2062","PRKAR1A","SET"
"2063","PRKAR1A","CBS"
"2064","PRKAR1A","CDH2"
"2065","PRKAR1A","MTOR"
"2066","PRKAR1A","AKAP1"
"2067","PRKAR1A","STXBP1"
"2068","PTGES3","GH1"
"2069","PTGES3","HLA-B"
"2070","PTGES3","FKBP5"
"2071","PTGES3","NR3C1"
"2072","PTGES3","GZMB"
"2073","PTGES3","ESR1"
"2074","PTGES3","NOS2"
"2075","PTGES3","NR3C2"
"2076","MSN","HLA-B"
"2077","MSN","IL2"
"2078","MSN","TSC1"
"2079","MSN","ITGA4"
"2080","PLA2G4A","ACTB"
"2081","PLA2G4A","NR3C1"
"2082","PLA2G4A","CASP1"
"2083","PLA2G4A","NOS2"
"2084","PLA2G4A","SHBG"
"2085","PLA2G4A","PTGS2"
"2086","CAPRIN1","HLA-B"
"2087","CAPRIN1","APP"
"2088","CAPRIN1","ESR1"
"2089","TSC2","YWHAB"
"2090","TSC2","YWHAE"
"2091","TSC2","UBE3A"
"2092","TSC2","PTK2"
"2093","TSC2","ESR1"
"2094","TSC2","MTOR"
"2095","TSC2","TSC1"
"2096","SRRM2","BAZ1B"
"2097","SRRM2","YWHAB"
"2098","SRRM2","RBM8A"
"2099","SRRM2","YWHAE"
"2100","SRRM2","SLU7"
"2101","SRRM2","APP"
"2102","SRRM2","ESR1"
"2103","SRRM2","MBD3"
"2104","SRRM2","BCAS2"
"2105","SRRM2","SCP2"
"2106","PREX1","MTOR"
"2107","MYO1D","ESR1"
"2108","RAB2A","HLA-B"
"2109","RFC2","RFC1"
"2110","RFC2","PITX2"
"2111","CS","HLA-B"
"2112","CS","ALDOA"
"2113","HSD17B4","CAT"
"2114","HSD17B4","SCP2"
"2115","SLC25A1","HLA-B"
"2116","SUB1","BANF1"
"2117","SUB1","APP"
"2118","PCBD1","FXR2"
"2119","PCBD1","APP"
"2120","PCBD1","HNF1B"
"2121","PCBD1","EHMT1"
"2122","PCBD1","PAH"
"2123","BAZ1B","ESR1"
"2124","BAZ1B","MBD3"
"2125","BAZ1B","TRIM33"
"2126","YWHAB","IRS2"
"2127","YWHAB","YWHAE"
"2128","YWHAB","GEM"
"2129","YWHAB","APP"
"2130","YWHAB","TRIM32"
"2131","YWHAB","RASGRF1"
"2132","YWHAB","ESR1"
"2133","YWHAB","TSC1"
"2134","YWHAB","DOCK4"
"2135","YWHAB","ITGA4"
"2136","YWHAB","MAPT"
"2137","BANF1","HLA-B"
"2138","BANF1","SET"
"2139","BANF1","XPC"
"2140","GH1","SET"
"2141","GH1","GHR"
"2142","GH1","PRLR"
"2143","GH1","CSDE1"
"2144","HLA-B","SET"
"2145","HLA-B","GLUL"
"2146","HLA-B","GDI1"
"2147","HLA-B","SND1"
"2148","HLA-B","NDUFS1"
"2149","HLA-B","CSDE1"
"2150","HLA-B","MIF"
"2151","SET","APP"
"2152","SET","XPO1"
"2153","SET","TAF1C"
"2154","SET","NR3C1"
"2155","SET","PIK3CG"
"2156","SET","SETBP1"
"2157","NTRK1","NTF3"
"2158","NTRK1","NGF"
"2159","NTRK1","ARHGAP32"
"2160","NTRK1","SH2B1"
"2161","NTRK1","NGFR"
"2162","EXT1","CNTF"
"2163","GDI1","ASL"
"2164","SND1","APP"
"2165","SND1","LZTR1"
"2166","SND1","ITGA4"
"2167","RBM8A","SLU7"
"2168","RBM8A","APP"
"2169","NDUFS1","GJA1"
"2170","NDUFS1","NDUFV1"
"2171","LIG4","GSTP1"
"2172","LIG4","TOP1"
"2173","LIG4","ALDOA"
"2174","LIG4","CTSD"
"2175","LIG4","HMGN1"
"2176","ADRB2","HTR4"
"2177","TBR1","CASK"
"2178","RAB3A","APP"
"2179","RAB3A","RIMS1"
"2180","ABCB1","EGR2"
"2181","ABCB1","NR1I2"
"2182","ABCB1","PHB2"
"2183","ABCB1","FBXO15"
"2184","FXR2","CBS"
"2185","FXR2","CYFIP1"
"2186","FXR2","FMR1"
"2187","FXR2","PTS"
"2188","CYP1B1","ESR1"
"2189","IRS2","YWHAE"
"2190","IRS2","PIK3CA"
"2191","IRS2","ESR1"
"2192","ACTB","BAIAP2"
"2193","ACTB","AR"
"2194","ACTB","APP"
"2195","ACTB","NCOA6"
"2196","ACTB","DNMT3B"
"2197","ACTB","DAB2"
"2198","ACTB","MAP2"
"2199","ACTB","ESR1"
"2200","ACTB","TSC1"
"2201","ACTB","ESR2"
"2202","ACTB","SHBG"
"2203","ACTB","SLC6A2"
"2204","ACTB","ITGA4"
"2205","ACTB","PITX3"
"2206","ACTB","SLC12A3"
"2207","ARHGEF15","UBE3A"
"2208","YWHAE","BAIAP2"
"2209","YWHAE","UBE3A"
"2210","YWHAE","XPO1"
"2211","YWHAE","TRIM32"
"2212","YWHAE","DISC1"
"2213","YWHAE","MARK1"
"2214","YWHAE","SIK1"
"2215","YWHAE","HLA-DRB1"
"2216","YWHAE","ATP2B2"
"2217","YWHAE","ESR1"
"2218","YWHAE","NOS2"
"2219","YWHAE","TSC1"
"2220","YWHAE","ITGA4"
"2221","YWHAE","FAN1"
"2222","YWHAE","TPH2"
"2223","DDIT3","RAI1"
"2224","DDIT3","FOSB"
"2225","RORA","PTBP1"
"2226","KCTD13","LAMB4"
"2227","SMAD4","AR"
"2228","SMAD4","SERPINE1"
"2229","SMAD4","APP"
"2230","SMAD4","SNRNP70"
"2231","SMAD4","NF1"
"2232","SMAD4","VEGFA"
"2233","SMAD4","TRIM33"
"2234","SMAD4","ELN"
"2235","SMAD4","SKI"
"2236","SMAD4","ZNF423"
"2237","SMAD4","PLG"
"2238","SMAD4","DLX1"
"2239","LASP1","DNM1"
"2240","RAI1","LZTR1"
"2241","RAI1","TESC"
"2242","GFAP","APP"
"2243","GFAP","PDZK1"
"2244","RNF40","AR"
"2245","RNF40","WAC"
"2246","RNF40","NOTCH1"
"2247","NDUFA5","APP"
"2248","BAIAP2","APP"
"2249","BAIAP2","SHANK1"
"2250","SLU7","TNF"
"2251","HOMER1","GRIA1"
"2252","HOMER1","RYR2"
"2253","AR","UBE3A"
"2254","AR","FKBP5"
"2255","AR","TCF4"
"2256","AR","NCOA6"
"2257","AR","CHD8"
"2258","AR","GRIP1"
"2259","AR","BAG1"
"2260","AR","DDC"
"2261","AR","PAX3"
"2262","AR","CASP1"
"2263","AR","PRKCB"
"2264","AR","TBL1XR1"
"2265","AR","NPAS2"
"2266","AR","CUX2"
"2267","AR","RREB1"
"2268","AR","PARK7"
"2269","AR","STK39"
"2270","AR","NSD1"
"2271","AR","ACPP"
"2272","AR","JMJD1C"
"2273","AR","DHCR24"
"2274","AR","TCF20"
"2275","CRKL","SOS1"
"2276","CRKL","ARHGAP32"
"2277","CRKL","PTK2"
"2278","CRKL","WAC"
"2279","CRKL","ERBB4"
"2280","CRKL","ANK3"
"2281","ITGAV","PTK2"
"2282","ITGAV","PTPRZ1"
"2283","ITGAV","ITGB3"
"2284","ITGAV","PLP1"
"2285","GSTP1","ITGA4"
"2286","ITPR1","SDC2"
"2287","ITPR1","TRPC6"
"2288","ITPR1","ITPR3"
"2289","PTBP1","APP"
"2290","PTBP1","ESR1"
"2291","PTBP1","NOS2"
"2292","PTBP1","NOTCH1"
"2293","PTBP1","ITGA4"
"2294","UBE3A","APP"
"2295","UBE3A","HERC2"
"2296","UBE3A","NR3C1"
"2297","UBE3A","ESR1"
"2298","UBE3A","ESR2"
"2299","UBE3A","SHBG"
"2300","UBE3A","SOD1"
"2301","EIF4E","APP"
"2302","EIF4E","MTOR"
"2303","EIF4E","CYFIP1"
"2304","EIF4E","ITGA4"
"2305","EIF4E","TYMP"
"2306","EIF4E","EIF4EBP2"
"2307","CASK","DLG4"
"2308","CASK","SDC2"
"2309","CASK","CNTNAP2"
"2310","CASK","IL18"
"2311","SERPINE1","NOS2"
"2312","SERPINE1","PLG"
"2313","APP","ARHGAP24"
"2314","APP","FKBP5"
"2315","APP","TOP1"
"2316","APP","LIMK1"
"2317","APP","DMD"
"2318","APP","MBD1"
"2319","APP","DLG4"
"2320","APP","LMX1B"
"2321","APP","PTK2"
"2322","APP","CDK5"
"2323","APP","DNM1"
"2324","APP","IL15"
"2325","APP","MBP"
"2326","APP","WAC"
"2327","APP","SNRNP70"
"2328","APP","DAB2"
"2329","APP","SOX5"
"2330","APP","PDE4D"
"2331","APP","MAP2"
"2332","APP","CAT"
"2333","APP","NF1"
"2334","APP","CTSD"
"2335","APP","NTRK3"
"2336","APP","IL1B"
"2337","APP","ING3"
"2338","APP","NGFR"
"2339","APP","ARNT2"
"2340","APP","BDNF"
"2341","APP","AKAP1"
"2342","APP","LRP2"
"2343","APP","APOE"
"2344","APP","TPH1"
"2345","APP","NOTCH1"
"2346","APP","DGCR6"
"2347","APP","AGER"
"2348","APP","MAPT"
"2349","APP","SETBP1"
"2350","APP","H2AFY"
"2351","APP","CARS"
"2352","APP","PHF8"
"2353","APP","TCN2"
"2354","APP","INS"
"2355","APP","ATF6"
"2356","APP","POMC"
"2357","APP","DAB1"
"2358","APP","SLC1A1"
"2359","APP","ITGA6"
"2360","APP","CHRNA7"
"2361","APP","APBA2"
"2362","APP","RPS6KA6"
"2363","APP","DIXDC1"
"2364","APP","ACSL4"
"2365","APP","NAGA"
"2366","APP","POGZ"
"2367","APP","GABRA4"
"2368","APP","HAGH"
"2369","APP","ACY1"
"2370","APP","PRICKLE2"
"2371","APP","KCNJ10"
"2372","APP","AGAP1"
"2373","APP","CHURC1"
"2374","APP","TFPI"
"2375","APP","TLL1"
"2376","APP","GGCT"
"2377","APP","CMAS"
"2378","APP","PDZK1"
"2379","APP","SLC40A1"
"2380","APP","STXBP1"
"2381","APC","XPO1"
"2382","APC","SYNE1"
"2383","APC","LRP8"
"2384","APC","NOSTRIN"
"2385","APC","MBD5"
"2386","XPO1","ESR1"
"2387","XPO1","ITGA4"
"2388","FKBP5","NR3C1"
"2389","FKBP5","ESR1"
"2390","FKBP5","NR3C2"
"2391","TF","ESR1"
"2392","TF","IGF2"
"2393","TF","HFE"
"2394","TF","IGF1"
"2395","TF","LAMC3"
"2396","TOP1","TRIM32"
"2397","TOP1","SNRNP70"
"2398","TOP1","ESR1"
"2399","TOP1","MKI67"
"2400","TOP1","ITGA4"
"2401","TOP1","H2AFY"
"2402","DNMT3A","DNMT3B"
"2403","DNMT3A","EHMT1"
"2404","LIMK1","MBP"
"2405","LIMK1","NRG1"
"2406","TCF4","VEGFA"
"2407","TCF4","TRIM33"
"2408","HOXB1","NR3C1"
"2409","NTF3","NTRK2"
"2410","NTF3","NTRK3"
"2411","NTF3","BDNF"
"2412","ALDOA","ESR1"
"2413","ALDOA","GJA1"
"2414","ALDOA","ITGA4"
"2415","XPC","MECP2"
"2416","RNF8","HERC2"
"2417","RNF8","MCPH1"
"2418","NCOA6","GHR"
"2419","NCOA6","GRIP1"
"2420","NCOA6","NR3C1"
"2421","NCOA6","ESR1"
"2422","NCOA6","ESR2"
"2423","NCOA6","NR1I2"
"2424","TRIM32","NOTCH1"
"2425","RERE","LZTR1"
"2426","DMD","DISC1"
"2427","DPYSL2","DISC1"
"2428","DISC1","HERC2"
"2429","DISC1","STX18"
"2430","DISC1","PDE4B"
"2431","DISC1","SYNE1"
"2432","DISC1","COL4A1"
"2433","SETD1A","CXXC1"
"2434","SETD1A","SMARCA1"
"2435","SETD1A","PHF8"
"2436","DNMT3B","MBD4"
"2437","DNMT3B","ESR1"
"2438","DNMT3B","TWIST1"
"2439","SOS1","MET"
"2440","SOS1","SPRY3"
"2441","SYNE1","ESR1"
"2442","GCHFR","GCH1"
"2443","NGF","NGFR"
"2444","DLG4","ERBB4"
"2445","DLG4","GRIA2"
"2446","DLG4","HTR2A"
"2447","DLG4","KCND2"
"2448","DLG4","DLGAP2"
"2449","DLG4","LRP2"
"2450","DLG4","NOS1"
"2451","DLG4","GRIN2A"
"2452","DLG4","GRIN2B"
"2453","DLG4","LRP8"
"2454","DLG4","NLGN2"
"2455","DLG4","GRIK2"
"2456","DLG4","GRIA3"
"2457","DLG4","SYNGAP1"
"2458","DLG4","NLGN4X"
"2459","DLG4","NLGN3"
"2460","DLG4","PCDH10"
"2461","MARK1","MAPT"
"2462","MARK1","GJA5"
"2463","FSHB","CGA"
"2464","SDC2","NF1"
"2465","SDC2","PRKCB"
"2466","SDC2","CSF2"
"2467","ARHGAP32","GRIN2B"
"2468","PRLR","PRL"
"2469","PTK2","PIK3CA"
"2470","PTK2","TSC1"
"2471","PTK2","ITGA4"
"2472","PTK2","ITGB3"
"2473","PTK2","NEO1"
"2474","CDK5","DNM1"
"2475","CDK5","MBP"
"2476","CDK5","ESR1"
"2477","CDK5","MAPT"
"2478","CDK5","DAB1"
"2479","CDK5","STXBP1"
"2480","RFC1","NOTCH1"
"2481","MYO16","NRXN1"
"2482","SH2B1","NTRK2"
"2483","SH2B1","KIAA0319"
"2484","CHD8","CHD7"
"2485","SETD2","CLK2"
"2486","LAMB1","LAMC3"
"2487","MBP","HLA-DRB1"
"2488","MBP","STK39"
"2489","MBP","RPS6KA6"
"2490","MBP","PLP1"
"2491","RNF216","UBE2H"
"2492","SNRNP70","RASGRF1"
"2493","SNRNP70","SHBG"
"2494","SNRNP70","ITGA4"
"2495","SNRNP70","CLK2"
"2496","ERBB4","NRG1"
"2497","HEY1","NOTCH1"
"2498","GRIP1","GRIA2"
"2499","GRIP1","NR3C1"
"2500","GRIP1","ESR1"
"2501","GRIP1","GRIA1"
"2502","GRIP1","GRIK2"
"2503","GRIP1","GRIA3"
"2504","DAB2","LRP2"
"2505","BMP4","SOSTDC1"
"2506","PDE4D","PIK3CA"
"2507","PDE4D","PIK3CG"
"2508","CGA","NR3C1"
"2509","CGA","ESR1"
"2510","CGA","LHCGR"
"2511","GRIA2","GRIA1"
"2512","GRIA2","GRIK2"
"2513","GRIA2","GRIA3"
"2514","GABBR1","GABBR2"
"2515","GABBR1","JAKMIP1"
"2516","MIB1","CMIP"
"2517","CAT","MECP2"
"2518","VIPR1","SCT"
"2519","BAG1","NR3C1"
"2520","BAG1","ESR1"
"2521","BAG1","MAPT"
"2522","BAG1","PTGS2"
"2523","BAG1","PARK7"
"2524","SLC6A3","DRD2"
"2525","SLC6A3","PITX3"
"2526","CDH2","CTNND2"
"2527","CDH2","CDH11"
"2528","CLIP1","NR3C1"
"2529","CLIP1","MTOR"
"2530","SNRPN","CLK2"
"2531","NR3C1","CSF2"
"2532","NR3C1","NTRK2"
"2533","NR3C1","CD38"
"2534","NR3C1","CCL2"
"2535","NR3C1","IL5"
"2536","NR3C1","ADA"
"2537","NR3C1","ZBTB20"
"2538","NR3C1","NR3C2"
"2539","NR3C1","ALDH5A1"
"2540","MEF2A","PHB2"
"2541","DDC","POU3F2"
"2542","DDC","ATF6"
"2543","PAX3","POU3F2"
"2544","PAX3","MSX1"
"2545","CASP1","GZMB"
"2546","CASP1","IL1B"
"2547","CASP1","IL1A"
"2548","CASP1","IL18"
"2549","RELN","VLDLR"
"2550","RELN","LRP8"
"2551","PIK3CD","PIK3CG"
"2552","GZMB","PRF1"
"2553","GZMB","NOTCH1"
"2554","PIK3CA","ESR1"
"2555","PIK3CA","NOTCH1"
"2556","PRKCB","NCAM1"
"2557","TNFRSF10A","FOSB"
"2558","TNFRSF10A","PARK7"
"2559","TBL1XR1","ESR1"
"2560","TBL1XR1","NOTCH1"
"2561","TBL1XR1","SKI"
"2562","TBL1XR1","TBL1X"
"2563","PIK3CG","NRAS"
"2564","ESR1","CTSD"
"2565","ESR1","PRL"
"2566","ESR1","TNF"
"2567","ESR1","TSC1"
"2568","ESR1","ESR2"
"2569","ESR1","MKI67"
"2570","ESR1","ABAT"
"2571","ESR1","APOE"
"2572","ESR1","VEGFA"
"2573","ESR1","TWIST1"
"2574","ESR1","SKI"
"2575","ESR1","MED12"
"2576","ESR1","H2AFY"
"2577","ESR1","TBL2"
"2578","ESR1","AKAP8"
"2579","ESR1","FMR1"
"2580","ESR1","BCAS2"
"2581","ESR1","PHB2"
"2582","MBD3","TRIM33"
"2583","MBD3","PARK7"
"2584","MBD3","TET1"
"2585","NOS2","NR1I2"
"2586","CTSD","ESR2"
"2587","CTSD","SHBG"
"2588","LITAF","TNF"
"2589","PRL","ESR2"
"2590","PRL","PITX2"
"2591","NTRK2","BDNF"
"2592","NTRK2","NTF4"
"2593","TNF","ESR2"
"2594","TNF","PTPRZ1"
"2595","TNF","CARS"
"2596","TNF","LTA"
"2597","MTOR","GPHN"
"2598","MTOR","EIF4EBP2"
"2599","TSC1","RAB11FIP5"
"2600","DRD1","ADA"
"2601","ESR2","VEGFA"
"2602","ESR2","MED12"
"2603","ESR2","JMJD1C"
"2604","ESR2","BCAS2"
"2605","MAZ","HTR1A"
"2606","DRD5","NCS1"
"2607","DRD2","ADORA2A"
"2608","DRD2","NCS1"
"2609","NGFR","NTF4"
"2610","ADORA2A","ADA"
"2611","ADORA2A","CNR1"
"2612","DRD3","NCS1"
"2613","DPP4","ADA"
"2614","NRP2","VEGFA"
"2615","BDNF","NTF4"
"2616","NUFIP2","FMR1"
"2617","KCND2","CACNA1H"
"2618","KCND2","DPP6"
"2619","KCND2","NCS1"
"2620","KCND2","DPP10"
"2621","CYFIP1","FMR1"
"2622","SHBG","ACPP"
"2623","GAD1","GAD2"
"2624","LRP2","APOE"
"2625","LRP2","DAB1"
"2626","LRP2","APBA2"
"2627","LRP2","SCN3A"
"2628","CDKL5","MECP2"
"2629","MSX1","DLX2"
"2630","APOE","MAPT"
"2631","APOE","PITX3"
"2632","APOE","VLDLR"
"2633","APOE","LRP8"
"2634","APOE","CNTF"
"2635","SOX9","MAF"
"2636","SOX9","MED12"
"2637","HTR1A","HTR1D"
"2638","GJA1","SOD1"
"2639","GJA1","TXNRD1"
"2640","GJA1","GJA5"
"2641","NOS1","SYN1"
"2642","SOD1","PARK7"
"2643","MAF","HOXD12"
"2644","LZTR1","EHMT1"
"2645","TRPC6","ITPR3"
"2646","PTPRZ1","ITGB3"
"2647","SLC1A2","MAPT"
"2648","NOTCH1","CAMK4"
"2649","NOTCH1","PHF8"
"2650","NOTCH1","ARHGEF2"
"2651","SSTR5","PDZK1"
"2652","SKI","MECP2"
"2653","ITGA4","MIF"
"2654","ITGA4","PHB2"
"2655","SMARCA1","ARID1B"
"2656","MAPT","STXBP1"
"2657","JARID2","EHMT1"
"2658","ROBO1","ROBO4"
"2659","CHD7","ZBTB20"
"2660","TBL2","SCP2"
"2661","PITX3","PARK7"
"2662","PITX3","KNG1"
"2663","PITX3","PON1"
"2664","PITX3","TFPI"
"2665","PARK7","CHD2"
"2666","CACNA1H","KCNMA1"
"2667","ZNF423","CEP290"
"2668","RYR3","RYR2"
"2669","STK39","EHD1"
"2670","KIR3DL1","HLA-G"
"2671","IL1RAPL1","NCS1"
"2672","KNG1","PLG"
"2673","GRIA1","GRIK2"
"2674","NRXN1","NLGN2"
"2675","NRXN1","NLGN3"
"2676","NTS","NTSR1"
"2677","NRXN3","NLGN2"
"2678","NRXN3","NLGN3"
"2679","DAB1","VLDLR"
"2680","DAB1","LRP8"
"2681","NRXN2","NLGN2"
"2682","QDPR","PAH"
"2683","FARP2","PDZK1"
"2684","APBA2","LRP8"
"2685","SCN3A","LRP8"
"2686","NDUFV1","TMEM189"
"2687","CHRNA4","CHRNB2"
"2688","GJA5","RIMS3"
"2689","BCAS2","TFPI"
"2690","CLN8","PLP1"
"2691","REN","AGT"
"2692","GLI3","CREBBP"
"2693","GLI3","BCL2"
"2694","GLI3","YWHAE"
"2695","GLI3","SKI"
"2696","GLI3","MED12"
"2697","GLI3","CHD7"
"2698","SIN3A","HTT"
"2699","SIN3A","TP53"
"2700","SIN3A","SP1"
"2701","SIN3A","SETDB1"
"2702","SIN3A","SMARCA2"
"2703","SIN3A","BAZ1B"
"2704","SIN3A","AR"
"2705","SIN3A","DNMT3B"
"2706","SIN3A","MBD4"
"2707","SIN3A","ESR1"
"2708","SIN3A","MBD3"
"2709","SIN3A","MAF"
"2710","SIN3A","SKI"
"2711","SIN3A","TBL1X"
"2712","SIN3A","MECP2"
"2713","CREBBP","HTT"
"2714","CREBBP","TP53"
"2715","CREBBP","AKT1"
"2716","CREBBP","SP1"
"2717","CREBBP","CTNNB1"
"2718","CREBBP","MAPK10"
"2719","CREBBP","SRC"
"2720","CREBBP","IL6"
"2721","CREBBP","EP300"
"2722","CREBBP","SMARCA2"
"2723","CREBBP","DYRK1A"
"2724","CREBBP","SND1"
"2725","CREBBP","LIG4"
"2726","CREBBP","AR"
"2727","CREBBP","APC"
"2728","CREBBP","NCOA6"
"2729","CREBBP","SETD1A"
"2730","CREBBP","PRLR"
"2731","CREBBP","GRIP1"
"2732","CREBBP","NR3C1"
"2733","CREBBP","ESR1"
"2734","CREBBP","NPAS2"
"2735","CREBBP","TNF"
"2736","CREBBP","ESR2"
"2737","CREBBP","MSX1"
"2738","CREBBP","VEGFA"
"2739","CREBBP","MAF"
"2740","CREBBP","FOSB"
"2741","CREBBP","NEUROG1"
"2742","CREBBP","HOXD13"
"2743","CREBBP","CUX1"
"2744","MTNR1A","MTNR1B"
"2745","MTNR1A","RAC1"
"2746","HTT","TP53"
"2747","HTT","AKT1"
"2748","HTT","SP1"
"2749","HTT","CTNNB1"
"2750","HTT","HIP1"
"2751","HTT","MAP1LC3B"
"2752","HTT","MBD1"
"2753","HTT","MBD4"
"2754","HTT","SETD2"
"2755","DLG3","APC"
"2756","DLG3","DLG4"
"2757","DLG3","ERBB4"
"2758","DLG3","ATP2B2"
"2759","DLG3","LRP2"
"2760","DLG3","GRIN2A"
"2761","MPDZ","HTR2A"
"2762","MPDZ","DRD3"
"2763","DLG2","DLG4"
"2764","DLG2","ERBB4"
"2765","DLG2","ATP2B2"
"2766","DLG2","LRP2"
"2767","DLG2","NOS1"
"2768","DLG2","GRIN2A"
"2769","LIN7B","CASK"
"2770","LIN7B","DLG4"
"2771","TP53","SP1"
"2772","TP53","MAPK8"
"2773","TP53","MAPK1"
"2774","TP53","MAPK3"
"2775","TP53","BCL2"
"2776","TP53","HRAS"
"2777","TP53","MAPK10"
"2778","TP53","IGFBP3"
"2779","TP53","PTEN"
"2780","TP53","EP300"
"2781","TP53","YWHAZ"
"2782","TP53","PPP4C"
"2783","TP53","USP7"
"2784","TP53","SUB1"
"2785","TP53","SET"
"2786","TP53","YWHAE"
"2787","TP53","PITX1"
"2788","TP53","RNF40"
"2789","TP53","AR"
"2790","TP53","UBE3A"
"2791","TP53","APC"
"2792","TP53","XPO1"
"2793","TP53","TOP1"
"2794","TP53","GHR"
"2795","TP53","PTK2"
"2796","TP53","CDK5"
"2797","TP53","RFC1"
"2798","TP53","CUL7"
"2799","TP53","STATH"
"2800","TP53","CHD8"
"2801","TP53","SETD2"
"2802","TP53","ERBB4"
"2803","TP53","RASGRF1"
"2804","TP53","TAF1C"
"2805","TP53","BAG1"
"2806","TP53","SNRPN"
"2807","TP53","NR3C1"
"2808","TP53","CASP1"
"2809","TP53","ESR1"
"2810","TP53","MTOR"
"2811","TP53","MSX1"
"2812","TP53","TWIST1"
"2813","TP53","SKI"
"2814","TP53","MUL1"
"2815","TP53","ZMYND11"
"2816","TP53","PTGS2"
"2817","TP53","PARK7"
"2818","TP53","EHMT1"
"2819","TP53","TXNRD1"
"2820","TP53","DHFR"
"2821","AKT1","CTNNB1"
"2822","AKT1","SETDB1"
"2823","AKT1","SRC"
"2824","AKT1","NEDD4"
"2825","AKT1","PTEN"
"2826","AKT1","EP300"
"2827","AKT1","YWHAZ"
"2828","AKT1","PPL"
"2829","AKT1","TSC2"
"2830","AKT1","PREX1"
"2831","AKT1","ACTB"
"2832","AKT1","YWHAE"
"2833","AKT1","SMAD4"
"2834","AKT1","AR"
"2835","AKT1","ITPR1"
"2836","AKT1","APP"
"2837","AKT1","FKBP5"
"2838","AKT1","ALDOA"
"2839","AKT1","ARHGAP32"
"2840","AKT1","ESR1"
"2841","AKT1","MTOR"
"2842","AKT1","TSC1"
"2843","AKT1","CTNND2"
"2844","AKT1","NOTCH1"
"2845","AKT1","SKI"
"2846","AKT1","MAPT"
"2847","AKT1","MUL1"
"2848","AKT1","CLK2"
"2849","AKT1","PHB2"
"2850","TNFRSF1B","SLC25A1"
"2851","TNFRSF1B","XPO1"
"2852","TNFRSF1B","SLC1A3"
"2853","TNFRSF1B","TNF"
"2854","SP1","MAPK8"
"2855","SP1","MAPK1"
"2856","SP1","MAPK3"
"2857","SP1","CRK"
"2858","SP1","HRAS"
"2859","SP1","RPL10"
"2860","SP1","SRC"
"2861","SP1","ACTC1"
"2862","SP1","IGFBP3"
"2863","SP1","EP300"
"2864","SP1","SUB1"
"2865","SP1","GH1"
"2866","SP1","NTRK1"
"2867","SP1","ABCB1"
"2868","SP1","CBS"
"2869","SP1","SMAD4"
"2870","SP1","GFAP"
"2871","SP1","AR"
"2872","SP1","ITGAV"
"2873","SP1","SERPINE1"
"2874","SP1","ALDOA"
"2875","SP1","PRLR"
"2876","SP1","RFC1"
"2877","SP1","IFNG"
"2878","SP1","CAT"
"2879","SP1","CDH2"
"2880","SP1","ESR1"
"2881","SP1","CTSD"
"2882","SP1","IL2"
"2883","SP1","IL1B"
"2884","SP1","TNF"
"2885","SP1","ESR2"
"2886","SP1","MEF2C"
"2887","SP1","NGFR"
"2888","SP1","ADORA2A"
"2889","SP1","CCL2"
"2890","SP1","IL10"
"2891","SP1","IL1A"
"2892","SP1","MSX1"
"2893","SP1","APOE"
"2894","SP1","SOX9"
"2895","SP1","HTR1A"
"2896","SP1","VEGFA"
"2897","SP1","GJA1"
"2898","SP1","ADA"
"2899","SP1","MAOB"
"2900","SP1","NOS1"
"2901","SP1","SLC19A1"
"2902","SP1","SOD1"
"2903","SP1","COL4A1"
"2904","SP1","AGER"
"2905","SP1","SMARCA1"
"2906","SP1","CYP17A1"
"2907","SP1","MECP2"
"2908","SP1","KIR3DL1"
"2909","SP1","OPRM1"
"2910","SP1","FMR1"
"2911","SP1","ATF6"
"2912","SP1","ROBO4"
"2913","SP1","POGZ"
"2914","MAPK8","CTNNB1"
"2915","MAPK8","BCL2"
"2916","MAPK8","CRK"
"2917","MAPK8","HRAS"
"2918","MAPK8","MSN"
"2919","MAPK8","HSD17B4"
"2920","MAPK8","GSTP1"
"2921","MAPK8","APP"
"2922","MAPK8","DAB2"
"2923","MAPK8","MTOR"
"2924","MAPK1","MAPK3"
"2925","MAPK1","BCL2"
"2926","MAPK1","EP300"
"2927","MAPK1","GTF2I"
"2928","MAPK1","TSC2"
"2929","MAPK1","HLA-B"
"2930","MAPK1","AR"
"2931","MAPK1","CRKL"
"2932","MAPK1","GSTP1"
"2933","MAPK1","MBP"
"2934","MAPK1","IL4"
"2935","MAPK1","ESR1"
"2936","MAPK1","CTSD"
"2937","MAPK1","ESR2"
"2938","MAPK1","NOTCH1"
"2939","MAPK1","TH"
"2940","MAPK3","GTF2I"
"2941","MAPK3","BAZ1B"
"2942","MAPK3","GH1"
"2943","MAPK3","MBP"
"2944","MAPK3","IL4"
"2945","MAPK3","TH"
"2946","MAPK3","RPS6KA6"
"2947","MAPK3","AVPR2"
"2948","EPS8","MAP1LC3B"
"2949","EPS8","SRC"
"2950","EPS8","BCKDK"
"2951","EPS8","BAIAP2"
"2952","EPS8","CASK"
"2953","EPS8","SOS1"
"2954","EPS8","ITGB3"
"2955","HGF","SDC2"
"2956","HGF","MET"
"2957","CTNNB1","CDH10"
"2958","CTNNB1","PTEN"
"2959","CTNNB1","EP300"
"2960","CTNNB1","CCL7"
"2961","CTNNB1","YWHAZ"
"2962","CTNNB1","SMAD4"
"2963","CTNNB1","AR"
"2964","CTNNB1","APP"
"2965","CTNNB1","APC"
"2966","CTNNB1","TCF4"
"2967","CTNNB1","CHD8"
"2968","CTNNB1","TNRC6B"
"2969","CTNNB1","MET"
"2970","CTNNB1","GRIP1"
"2971","CTNNB1","CDH2"
"2972","CTNNB1","POU3F2"
"2973","CTNNB1","PIK3CA"
"2974","CTNNB1","TBL1XR1"
"2975","CTNNB1","ESR1"
"2976","CTNNB1","IL2"
"2977","CTNNB1","LRP2"
"2978","CTNNB1","VEGFA"
"2979","CTNNB1","PITX2"
"2980","CTNNB1","TYR"
"2981","CTNNB1","PTPRZ1"
"2982","CTNNB1","NOTCH1"
"2983","CTNNB1","TBL1X"
"2984","CTNNB1","STK39"
"2985","CTNNB1","PHB2"
"2986","BCL2","EP300"
"2987","BCL2","IRS2"
"2988","BCL2","ITPR1"
"2989","BCL2","EPHB2"
"2990","BCL2","BAG1"
"2991","BCL2","SOD1"
"2992","PAX6","EP300"
"2993","PAX6","SMAD4"
"2994","PAX6","AR"
"2995","PAX6","HOXB1"
"2996","CRK","SRC"
"2997","CRK","PTPN4"
"2998","CRK","HLA-B"
"2999","CRK","ACTB"
"3000","CRK","XPO1"
"3001","CRK","SOS1"
"3002","CRK","GHR"
"3003","CRK","ARHGAP32"
"3004","CRK","PTK2"
"3005","CRK","EPHB2"
"3006","CRK","ERBB4"
"3007","CRK","GABBR1"
"3008","CRK","PIK3CD"
"3009","CRK","PIK3CA"
"3010","CRK","DLGAP2"
"3011","CRK","CNTNAP1"
"3012","CRK","SYN1"
"3013","CRK","PIK3CB"
"3014","CRK","SPR"
"3015","HRAS","SRC"
"3016","HRAS","SOS1"
"3017","HRAS","RASGRF1"
"3018","HRAS","NF1"
"3019","HRAS","PIK3CD"
"3020","HRAS","PIK3CA"
"3021","HRAS","PIK3CG"
"3022","HRAS","DEAF1"
"3023","ALDH2","APP"
"3024","MAGED1","EP300"
"3025","MAGED1","SLC25A1"
"3026","MAGED1","RBFOX1"
"3027","MAGED1","NGFR"
"3028","SETDB1","APC"
"3029","SETDB1","DNMT3A"
"3030","SETDB1","DNMT3B"
"3031","SETDB1","MBD1"
"3032","SETDB1","JARID2"
"3033","SETDB1","EHMT1"
"3034","FXR1","FXR2"
"3035","FXR1","NOS2"
"3036","FXR1","CYFIP1"
"3037","FXR1","FMR1"
"3038","RPL10","SRC"
"3039","RPL10","YWHAZ"
"3040","RPL10","ESR1"
"3041","RPL10","ITGA4"
"3042","PRRT2","SNAP25"
"3043","MAPK8IP2","MAPK10"
"3044","MAPK8IP2","RAI1"
"3045","MAPK8IP2","IL1B"
"3046","MAPK8IP2","LRP2"
"3047","MAPK8IP2","LRP8"
"3048","SHMT1","GJA1"
"3049","SHMT1","CARS"
"3050","NBEA","NOTCH1"
"3051","STX1A","SNAP25"
"3052","STX1A","RNF40"
"3053","STX1A","CDK5"
"3054","STX1A","SLC6A3"
"3055","STX1A","SLC6A4"
"3056","MAP1LC3B","NEDD4"
"3057","MAP1LC3B","PRKAR1A"
"3058","MAP1LC3B","DNMT3B"
"3059","MAP1LC3B","ADNP"
"3060","MAPK10","MSN"
"3061","MAPK10","APP"
"3062","MAPK10","GCH1"
"3063","MAPK10","CEP290"
"3064","HIRIP3","SET"
"3065","HIRIP3","APP"
"3066","HIRIP3","CARS"
"3067","HIRIP3","TSNAX"
"3068","SNAP25","APP"
"3069","SRC","EP300"
"3070","SRC","PLA2G4A"
"3071","SRC","ADRB2"
"3072","SRC","ACTB"
"3073","SRC","RORA"
"3074","SRC","AR"
"3075","SRC","NCOA6"
"3076","SRC","SOS1"
"3077","SRC","ARHGAP32"
"3078","SRC","PTK2"
"3079","SRC","DNM1"
"3080","SRC","EPHB2"
"3081","SRC","MET"
"3082","SRC","DAB2"
"3083","SRC","PDE4D"
"3084","SRC","MAP2"
"3085","SRC","NR3C1"
"3086","SRC","PAX3"
"3087","SRC","ESR1"
"3088","SRC","ESR2"
"3089","SRC","MKI67"
"3090","SRC","DLGAP2"
"3091","SRC","NR1I2"
"3092","SRC","GJA1"
"3093","SRC","TRPC6"
"3094","SRC","PTPRA"
"3095","SRC","GRIN2A"
"3096","SRC","SYN1"
"3097","SRC","NR3C2"
"3098","ACTC1","ESR1"
"3099","ACTC1","ITGA4"
"3100","SOD2","MCC"
"3101","SOD2","SMARCA2"
"3102","SOD2","HLA-B"
"3103","SOD2","APP"
"3104","SOD2","SOD1"
"3105","SOD2","TBL2"
"3106","SOD2","ALDH5A1"
"3107","PNO1","GSTP1"
"3108","IL6","EP300"
"3109","IL6","NR3C1"
"3110","ATRX","PTPN4"
"3111","PTPN4","GRIN2A"
"3112","PLAUR","KNG1"
"3113","COMT","MCC"
"3114","COMT","LITAF"
"3115","IGFBP3","AR"
"3116","IGFBP3","TF"
"3117","IGFBP3","IGF2"
"3118","IGFBP3","IGF1"
"3119","IGFBP3","PLG"
"3120","WFS1","ATF6"
"3121","FOXG1","EP300"
"3122","FOXG1","APOE"
"3123","ROBO2","ROBO1"
"3124","NEDD4","PTEN"
"3125","NEDD4","RAC1"
"3126","NEDD4","NTRK1"
"3127","NEDD4","ADRB2"
"3128","NEDD4","BAIAP2"
"3129","NEDD4","DMD"
"3130","NEDD4","CDK5"
"3131","NEDD4","ERBB4"
"3132","NEDD4","MAP2"
"3133","NEDD4","SLC6A3"
"3134","NEDD4","LITAF"
"3135","NEDD4","GJA1"
"3136","NEDD4","CAMK4"
"3137","NEDD4","GRIA1"
"3138","NEDD4","KCNAB2"
"3139","NEDD4","SLC12A3"
"3140","PTEN","AR"
"3141","PTEN","CRKL"
"3142","PTEN","PTK2"
"3143","PTEN","ESR1"
"3144","PTEN","MED12"
"3145","PTEN","PARK7"
"3146","TRIO","RAC1"
"3147","TRIO","DISC1"
"3148","TRIO","DAB2"
"3149","TRIO","BCAS2"
"3150","EP300","SMARCA2"
"3151","EP300","DYRK1A"
"3152","EP300","PLA2G4A"
"3153","EP300","SUB1"
"3154","EP300","PCBD1"
"3155","EP300","ACTB"
"3156","EP300","DDIT3"
"3157","EP300","RORA"
"3158","EP300","SMAD4"
"3159","EP300","AR"
"3160","EP300","CASK"
"3161","EP300","TCF4"
"3162","EP300","NCOA6"
"3163","EP300","IFNG"
"3164","EP300","GRIP1"
"3165","EP300","NR3C1"
"3166","EP300","MEF2A"
"3167","EP300","POU3F2"
"3168","EP300","CASP1"
"3169","EP300","IL4"
"3170","EP300","ESR1"
"3171","EP300","NPAS2"
"3172","EP300","IL2"
"3173","EP300","TNF"
"3174","EP300","ESR2"
"3175","EP300","MEF2C"
"3176","EP300","CLOCK"
"3177","EP300","SOX9"
"3178","EP300","VEGFA"
"3179","EP300","TWIST1"
"3180","EP300","MAF"
"3181","EP300","FOSB"
"3182","EP300","NOTCH1"
"3183","EP300","PDE4A"
"3184","EP300","MAPT"
"3185","EP300","NEUROG1"
"3186","EP300","PTGS2"
"3187","EP300","HMGN1"
"3188","EP300","PLG"
"3189","EP300","DAO"
"3190","EP300","BCAS2"
"3191","EP300","TSNAX"
"3192","CCL7","NR3C1"
"3193","YWHAZ","EIF3A"
"3194","YWHAZ","TSC2"
"3195","YWHAZ","SRRM2"
"3196","YWHAZ","SUB1"
"3197","YWHAZ","YWHAB"
"3198","YWHAZ","SET"
"3199","YWHAZ","GDI1"
"3200","YWHAZ","IRS2"
"3201","YWHAZ","ACTB"
"3202","YWHAZ","YWHAE"
"3203","YWHAZ","BAIAP2"
"3204","YWHAZ","PTBP1"
"3205","YWHAZ","UBE3A"
"3206","YWHAZ","APP"
"3207","YWHAZ","APC"
"3208","YWHAZ","XPO1"
"3209","YWHAZ","LIMK1"
"3210","YWHAZ","ALDOA"
"3211","YWHAZ","TRIM32"
"3212","YWHAZ","DISC1"
"3213","YWHAZ","GCH1"
"3214","YWHAZ","MARK1"
"3215","YWHAZ","SIK1"
"3216","YWHAZ","PRLR"
"3217","YWHAZ","MET"
"3218","YWHAZ","SNRPN"
"3219","YWHAZ","ESR1"
"3220","YWHAZ","NOS2"
"3221","YWHAZ","MTOR"
"3222","YWHAZ","TSC1"
"3223","YWHAZ","MEF2C"
"3224","YWHAZ","CYFIP1"
"3225","YWHAZ","GJA1"
"3226","YWHAZ","TPH1"
"3227","YWHAZ","ITGA4"
"3228","YWHAZ","MAPT"
"3229","YWHAZ","HMGN1"
"3230","YWHAZ","TH"
"3231","YWHAZ","SPR"
"3232","YWHAZ","ACSL4"
"3233","PAFAH1B1","MSN"
"3234","PAFAH1B1","DISC1"
"3235","PAFAH1B1","PDE4B"
"3236","PAFAH1B1","PDE4D"
"3237","PAFAH1B1","CLIP1"
"3238","L1CAM","ITGAV"
"3239","UPF3B","RBM8A"
"3240","OGG1","XPC"
"3241","RAC1","SET"
"3242","RAC1","ACTB"
"3243","RAC1","BAIAP2"
"3244","RAC1","ARHGAP32"
"3245","RAC1","PTK2"
"3246","RAC1","CLIP1"
"3247","RAC1","NOS2"
"3248","RAC1","TNF"
"3249","RAC1","CYFIP1"
"3250","RAC1","CNTNAP1"
"3251","RAC1","SOD1"
"3252","RAC1","ITGA4"
"3253","RAC1","DIAPH3"
"3254","MCM7","MCC"
"3255","MCM7","HLA-B"
"3256","MCM7","RBM8A"
"3257","MCM7","UBE3A"
"3258","MCM7","APP"
"3259","MCM7","CCL2"
"3260","MCM7","ITGA4"
"3261","MCC","APRT"
"3262","MCC","FABP5"
"3263","MCC","RANBP1"
"3264","MCC","EIF3A"
"3265","MCC","PTGES3"
"3266","MCC","RAB2A"
"3267","MCC","KATNAL2"
"3268","MCC","CS"
"3269","MCC","APP"
"3270","MCC","CSDE1"
"3271","MCC","BCAS2"
"3272","MCC","PHB2"
"3273","BCKDK","APP"
"3274","PPP4C","SRRM2"
"3275","PPP4C","MYO1D"
"3276","PPP4C","PPP2R5D"
"3277","APRT","GH1"
"3278","APRT","APP"
"3279","APRT","ITGA4"
"3280","FABP5","GH1"
"3281","RANBP1","GH1"
"3282","RANBP1","HLA-B"
"3283","RANBP1","XPO1"
"3284","HTR1B","HTR1A"
"3285","HTR1B","HTR1D"
"3286","LXN","CIRBP"
"3287","SMARCA2","PCBD1"
"3288","SMARCA2","BANF1"
"3289","SMARCA2","PITX1"
"3290","SMARCA2","AR"
"3291","SMARCA2","NR3C1"
"3292","SMARCA2","MCPH1"
"3293","SMARCA2","ESR1"
"3294","SMARCA2","MBD3"
"3295","SMARCA2","TRIM33"
"3296","SMARCA2","MECP2"
"3297","SMARCA2","ZMYND11"
"3298","SMARCA2","ARID1B"
"3299","CIRBP","CAPRIN1"
"3300","CIRBP","APP"
"3301","USP7","GTF2I"
"3302","USP7","PPL"
"3303","USP7","CRKL"
"3304","USP7","FKBP5"
"3305","USP7","DNMT3A"
"3306","USP7","ARNT2"
"3307","USP7","AKAP1"
"3308","USP7","NOTCH1"
"3309","USP7","ZNF423"
"3310","GTF2I","SRRM2"
"3311","GTF2I","SLU7"
"3312","GTF2I","SNRPN"
"3313","GTF2I","ADSL"
"3314","GTF2I","ATF6"
"3315","EIF3A","APC"
"3316","EIF3A","DISC1"
"3317","EIF3A","ITGA4"
"3318","DYRK1A","PRKAR1A"
"3319","DYRK1A","YWHAB"
"3320","DYRK1A","YWHAE"
"3321","DYRK1A","APP"
"3322","DYRK1A","DNM1"
"3323","PRKAR1A","RFC2"
"3324","PRKAR1A","SET"
"3325","PRKAR1A","CBS"
"3326","PRKAR1A","CDH2"
"3327","PRKAR1A","MTOR"
"3328","PRKAR1A","AKAP1"
"3329","PTGES3","GH1"
"3330","PTGES3","HLA-B"
"3331","PTGES3","FKBP5"
"3332","PTGES3","NR3C1"
"3333","PTGES3","GZMB"
"3334","PTGES3","ESR1"
"3335","PTGES3","NOS2"
"3336","PTGES3","NR3C2"
"3337","MSN","HLA-B"
"3338","MSN","IL2"
"3339","MSN","TSC1"
"3340","MSN","ITGA4"
"3341","PLA2G4A","ACTB"
"3342","PLA2G4A","NR3C1"
"3343","PLA2G4A","CASP1"
"3344","PLA2G4A","NOS2"
"3345","PLA2G4A","SHBG"
"3346","PLA2G4A","PTGS2"
"3347","CAPRIN1","HLA-B"
"3348","CAPRIN1","APP"
"3349","CAPRIN1","ESR1"
"3350","TSC2","YWHAB"
"3351","TSC2","YWHAE"
"3352","TSC2","UBE3A"
"3353","TSC2","PTK2"
"3354","TSC2","ESR1"
"3355","TSC2","MTOR"
"3356","TSC2","TSC1"
"3357","SRRM2","BAZ1B"
"3358","SRRM2","YWHAB"
"3359","SRRM2","RBM8A"
"3360","SRRM2","YWHAE"
"3361","SRRM2","SLU7"
"3362","SRRM2","APP"
"3363","SRRM2","ESR1"
"3364","SRRM2","MBD3"
"3365","SRRM2","BCAS2"
"3366","SRRM2","SCP2"
"3367","PREX1","MTOR"
"3368","MYO1D","ESR1"
"3369","RAB2A","HLA-B"
"3370","RFC2","RFC1"
"3371","RFC2","PITX2"
"3372","CS","HLA-B"
"3373","CS","ALDOA"
"3374","HSD17B4","CAT"
"3375","HSD17B4","SCP2"
"3376","SLC25A1","HLA-B"
"3377","SUB1","BANF1"
"3378","SUB1","APP"
"3379","PCBD1","FXR2"
"3380","PCBD1","APP"
"3381","PCBD1","EHMT1"
"3382","PCBD1","PAH"
"3383","BAZ1B","ESR1"
"3384","BAZ1B","MBD3"
"3385","BAZ1B","TRIM33"
"3386","YWHAB","IRS2"
"3387","YWHAB","YWHAE"
"3388","YWHAB","GEM"
"3389","YWHAB","APP"
"3390","YWHAB","TRIM32"
"3391","YWHAB","RASGRF1"
"3392","YWHAB","ESR1"
"3393","YWHAB","TSC1"
"3394","YWHAB","DOCK4"
"3395","YWHAB","ITGA4"
"3396","YWHAB","MAPT"
"3397","BANF1","HLA-B"
"3398","BANF1","SET"
"3399","BANF1","XPC"
"3400","GH1","SET"
"3401","GH1","GHR"
"3402","GH1","PRLR"
"3403","GH1","CSDE1"
"3404","HLA-B","SET"
"3405","HLA-B","GLUL"
"3406","HLA-B","GDI1"
"3407","HLA-B","SND1"
"3408","HLA-B","NDUFS1"
"3409","HLA-B","CSDE1"
"3410","SET","APP"
"3411","SET","XPO1"
"3412","SET","TAF1C"
"3413","SET","NR3C1"
"3414","SET","PIK3CG"
"3415","NTRK1","NTF3"
"3416","NTRK1","NGF"
"3417","NTRK1","ARHGAP32"
"3418","NTRK1","SH2B1"
"3419","NTRK1","NGFR"
"3420","GDI1","ASL"
"3421","SND1","APP"
"3422","SND1","LZTR1"
"3423","SND1","ITGA4"
"3424","RBM8A","SLU7"
"3425","RBM8A","APP"
"3426","NDUFS1","GJA1"
"3427","NDUFS1","NDUFV1"
"3428","LIG4","GSTP1"
"3429","LIG4","TOP1"
"3430","LIG4","ALDOA"
"3431","LIG4","CTSD"
"3432","LIG4","HMGN1"
"3433","ADRB2","HTR4"
"3434","TBR1","CASK"
"3435","RAB3A","APP"
"3436","RAB3A","RIMS1"
"3437","ABCB1","EGR2"
"3438","ABCB1","NR1I2"
"3439","ABCB1","PHB2"
"3440","ABCB1","FBXO15"
"3441","FXR2","CBS"
"3442","FXR2","CYFIP1"
"3443","FXR2","FMR1"
"3444","FXR2","PTS"
"3445","CYP1B1","ESR1"
"3446","IRS2","YWHAE"
"3447","IRS2","PIK3CA"
"3448","IRS2","ESR1"
"3449","ACTB","BAIAP2"
"3450","ACTB","AR"
"3451","ACTB","APP"
"3452","ACTB","NCOA6"
"3453","ACTB","DNMT3B"
"3454","ACTB","DAB2"
"3455","ACTB","MAP2"
"3456","ACTB","ESR1"
"3457","ACTB","TSC1"
"3458","ACTB","ESR2"
"3459","ACTB","SHBG"
"3460","ACTB","ITGA4"
"3461","ACTB","PITX3"
"3462","ACTB","SLC12A3"
"3463","ARHGEF15","UBE3A"
"3464","YWHAE","BAIAP2"
"3465","YWHAE","UBE3A"
"3466","YWHAE","XPO1"
"3467","YWHAE","TRIM32"
"3468","YWHAE","DISC1"
"3469","YWHAE","MARK1"
"3470","YWHAE","SIK1"
"3471","YWHAE","HLA-DRB1"
"3472","YWHAE","ATP2B2"
"3473","YWHAE","ESR1"
"3474","YWHAE","NOS2"
"3475","YWHAE","TSC1"
"3476","YWHAE","ITGA4"
"3477","DDIT3","RAI1"
"3478","DDIT3","FOSB"
"3479","RORA","PTBP1"
"3480","SMAD4","AR"
"3481","SMAD4","SERPINE1"
"3482","SMAD4","APP"
"3483","SMAD4","SNRNP70"
"3484","SMAD4","NF1"
"3485","SMAD4","VEGFA"
"3486","SMAD4","TRIM33"
"3487","SMAD4","ELN"
"3488","SMAD4","SKI"
"3489","SMAD4","ZNF423"
"3490","SMAD4","PLG"
"3491","LASP1","DNM1"
"3492","RAI1","LZTR1"
"3493","RAI1","TESC"
"3494","GFAP","APP"
"3495","RNF40","AR"
"3496","RNF40","WAC"
"3497","RNF40","NOTCH1"
"3498","NDUFA5","APP"
"3499","BAIAP2","APP"
"3500","BAIAP2","SHANK1"
"3501","SLU7","TNF"
"3502","HOMER1","GRIA1"
"3503","HOMER1","RYR2"
"3504","AR","UBE3A"
"3505","AR","FKBP5"
"3506","AR","TCF4"
"3507","AR","NCOA6"
"3508","AR","CHD8"
"3509","AR","GRIP1"
"3510","AR","BAG1"
"3511","AR","DDC"
"3512","AR","PAX3"
"3513","AR","CASP1"
"3514","AR","PRKCB"
"3515","AR","TBL1XR1"
"3516","AR","NPAS2"
"3517","AR","CUX2"
"3518","AR","RREB1"
"3519","AR","PARK7"
"3520","AR","STK39"
"3521","AR","NSD1"
"3522","AR","JMJD1C"
"3523","CRKL","SOS1"
"3524","CRKL","ARHGAP32"
"3525","CRKL","PTK2"
"3526","CRKL","WAC"
"3527","CRKL","ERBB4"
"3528","ITGAV","PTK2"
"3529","ITGAV","PTPRZ1"
"3530","ITGAV","ITGB3"
"3531","GSTP1","ITGA4"
"3532","ITPR1","SDC2"
"3533","ITPR1","TRPC6"
"3534","ITPR1","ITPR3"
"3535","PTBP1","APP"
"3536","PTBP1","ESR1"
"3537","PTBP1","NOS2"
"3538","PTBP1","NOTCH1"
"3539","PTBP1","ITGA4"
"3540","UBE3A","APP"
"3541","UBE3A","HERC2"
"3542","UBE3A","NR3C1"
"3543","UBE3A","ESR1"
"3544","UBE3A","ESR2"
"3545","UBE3A","SHBG"
"3546","UBE3A","SOD1"
"3547","EIF4E","APP"
"3548","EIF4E","MTOR"
"3549","EIF4E","CYFIP1"
"3550","EIF4E","ITGA4"
"3551","EIF4E","TYMP"
"3552","CASK","DLG4"
"3553","CASK","SDC2"
"3554","SERPINE1","NOS2"
"3555","SERPINE1","PLG"
"3556","APP","ARHGAP24"
"3557","APP","FKBP5"
"3558","APP","TOP1"
"3559","APP","LIMK1"
"3560","APP","DMD"
"3561","APP","MBD1"
"3562","APP","DLG4"
"3563","APP","LMX1B"
"3564","APP","PTK2"
"3565","APP","CDK5"
"3566","APP","DNM1"
"3567","APP","IL15"
"3568","APP","MBP"
"3569","APP","WAC"
"3570","APP","SNRNP70"
"3571","APP","DAB2"
"3572","APP","SOX5"
"3573","APP","PDE4D"
"3574","APP","MAP2"
"3575","APP","CAT"
"3576","APP","NF1"
"3577","APP","CTSD"
"3578","APP","NTRK3"
"3579","APP","IL1B"
"3580","APP","ING3"
"3581","APP","NGFR"
"3582","APP","ARNT2"
"3583","APP","BDNF"
"3584","APP","AKAP1"
"3585","APP","LRP2"
"3586","APP","APOE"
"3587","APP","TPH1"
"3588","APP","NOTCH1"
"3589","APP","AGER"
"3590","APP","MAPT"
"3591","APP","H2AFY"
"3592","APP","CARS"
"3593","APP","PHF8"
"3594","APP","INS"
"3595","APP","ATF6"
"3596","APP","POMC"
"3597","APP","DAB1"
"3598","APP","SLC1A1"
"3599","APP","ITGA6"
"3600","APP","CHRNA7"
"3601","APP","APBA2"
"3602","APP","RPS6KA6"
"3603","APP","ACSL4"
"3604","APP","NAGA"
"3605","APP","POGZ"
"3606","APP","GABRA4"
"3607","APP","HAGH"
"3608","APP","KCNJ10"
"3609","APP","TFPI"
"3610","APC","XPO1"
"3611","APC","SYNE1"
"3612","APC","LRP8"
"3613","XPO1","ESR1"
"3614","XPO1","ITGA4"
"3615","FKBP5","NR3C1"
"3616","FKBP5","ESR1"
"3617","FKBP5","NR3C2"
"3618","TF","ESR1"
"3619","TF","IGF2"
"3620","TF","HFE"
"3621","TF","IGF1"
"3622","TF","LAMC3"
"3623","TOP1","TRIM32"
"3624","TOP1","SNRNP70"
"3625","TOP1","ESR1"
"3626","TOP1","MKI67"
"3627","TOP1","ITGA4"
"3628","TOP1","H2AFY"
"3629","DNMT3A","DNMT3B"
"3630","DNMT3A","EHMT1"
"3631","LIMK1","MBP"
"3632","TCF4","VEGFA"
"3633","TCF4","TRIM33"
"3634","HOXB1","NR3C1"
"3635","NTF3","NTRK2"
"3636","NTF3","NTRK3"
"3637","NTF3","BDNF"
"3638","ALDOA","ESR1"
"3639","ALDOA","GJA1"
"3640","ALDOA","ITGA4"
"3641","XPC","MECP2"
"3642","RNF8","HERC2"
"3643","RNF8","MCPH1"
"3644","NCOA6","GHR"
"3645","NCOA6","GRIP1"
"3646","NCOA6","NR3C1"
"3647","NCOA6","ESR1"
"3648","NCOA6","ESR2"
"3649","NCOA6","NR1I2"
"3650","TRIM32","NOTCH1"
"3651","RERE","LZTR1"
"3652","DMD","DISC1"
"3653","DPYSL2","DISC1"
"3654","DISC1","HERC2"
"3655","DISC1","STX18"
"3656","DISC1","PDE4B"
"3657","DISC1","SYNE1"
"3658","DISC1","COL4A1"
"3659","SETD1A","CXXC1"
"3660","SETD1A","SMARCA1"
"3661","SETD1A","PHF8"
"3662","DNMT3B","MBD4"
"3663","DNMT3B","ESR1"
"3664","DNMT3B","TWIST1"
"3665","SOS1","MET"
"3666","SYNE1","ESR1"
"3667","GCHFR","GCH1"
"3668","NGF","NGFR"
"3669","DLG4","ERBB4"
"3670","DLG4","GRIA2"
"3671","DLG4","HTR2A"
"3672","DLG4","KCND2"
"3673","DLG4","DLGAP2"
"3674","DLG4","LRP2"
"3675","DLG4","NOS1"
"3676","DLG4","GRIN2A"
"3677","DLG4","LRP8"
"3678","MARK1","MAPT"
"3679","MARK1","GJA5"
"3680","FSHB","CGA"
"3681","SDC2","NF1"
"3682","SDC2","PRKCB"
"3683","SDC2","CSF2"
"3684","PRLR","PRL"
"3685","PTK2","PIK3CA"
"3686","PTK2","TSC1"
"3687","PTK2","ITGA4"
"3688","PTK2","ITGB3"
"3689","PTK2","NEO1"
"3690","CDK5","DNM1"
"3691","CDK5","MBP"
"3692","CDK5","ESR1"
"3693","CDK5","MAPT"
"3694","CDK5","DAB1"
"3695","RFC1","NOTCH1"
"3696","MYO16","NRXN1"
"3697","SH2B1","NTRK2"
"3698","CHD8","CHD7"
"3699","SETD2","CLK2"
"3700","LAMB1","LAMC3"
"3701","MBP","HLA-DRB1"
"3702","MBP","STK39"
"3703","MBP","RPS6KA6"
"3704","RNF216","UBE2H"
"3705","SNRNP70","RASGRF1"
"3706","SNRNP70","SHBG"
"3707","SNRNP70","ITGA4"
"3708","SNRNP70","CLK2"
"3709","HEY1","NOTCH1"
"3710","GRIP1","GRIA2"
"3711","GRIP1","NR3C1"
"3712","GRIP1","ESR1"
"3713","GRIP1","GRIA1"
"3714","DAB2","LRP2"
"3715","BMP4","SOSTDC1"
"3716","PDE4D","PIK3CA"
"3717","PDE4D","PIK3CG"
"3718","CGA","NR3C1"
"3719","CGA","ESR1"
"3720","CGA","LHCGR"
"3721","GRIA2","GRIA1"
"3722","GABBR1","GABBR2"
"3723","MIB1","CMIP"
"3724","CAT","MECP2"
"3725","VIPR1","SCT"
"3726","BAG1","NR3C1"
"3727","BAG1","ESR1"
"3728","BAG1","MAPT"
"3729","BAG1","PTGS2"
"3730","BAG1","PARK7"
"3731","SLC6A3","DRD2"
"3732","SLC6A3","PITX3"
"3733","CDH2","CTNND2"
"3734","CLIP1","NR3C1"
"3735","CLIP1","MTOR"
"3736","SNRPN","CLK2"
"3737","NR3C1","CSF2"
"3738","NR3C1","NTRK2"
"3739","NR3C1","CD38"
"3740","NR3C1","CCL2"
"3741","NR3C1","IL5"
"3742","NR3C1","ADA"
"3743","NR3C1","ZBTB20"
"3744","NR3C1","NR3C2"
"3745","NR3C1","ALDH5A1"
"3746","MEF2A","PHB2"
"3747","DDC","POU3F2"
"3748","DDC","ATF6"
"3749","PAX3","POU3F2"
"3750","PAX3","MSX1"
"3751","CASP1","GZMB"
"3752","CASP1","IL1B"
"3753","CASP1","IL1A"
"3754","RELN","VLDLR"
"3755","RELN","LRP8"
"3756","PIK3CD","PIK3CG"
"3757","GZMB","PRF1"
"3758","GZMB","NOTCH1"
"3759","PIK3CA","ESR1"
"3760","PIK3CA","NOTCH1"
"3761","PRKCB","NCAM1"
"3762","TNFRSF10A","FOSB"
"3763","TNFRSF10A","PARK7"
"3764","TBL1XR1","ESR1"
"3765","TBL1XR1","NOTCH1"
"3766","TBL1XR1","SKI"
"3767","TBL1XR1","TBL1X"
"3768","PIK3CG","NRAS"
"3769","ESR1","CTSD"
"3770","ESR1","PRL"
"3771","ESR1","TNF"
"3772","ESR1","TSC1"
"3773","ESR1","ESR2"
"3774","ESR1","MKI67"
"3775","ESR1","APOE"
"3776","ESR1","VEGFA"
"3777","ESR1","TWIST1"
"3778","ESR1","SKI"
"3779","ESR1","MED12"
"3780","ESR1","H2AFY"
"3781","ESR1","TBL2"
"3782","ESR1","AKAP8"
"3783","ESR1","FMR1"
"3784","ESR1","BCAS2"
"3785","ESR1","PHB2"
"3786","MBD3","TRIM33"
"3787","MBD3","PARK7"
"3788","NOS2","NR1I2"
"3789","CTSD","ESR2"
"3790","CTSD","SHBG"
"3791","LITAF","TNF"
"3792","PRL","ESR2"
"3793","PRL","PITX2"
"3794","NTRK2","BDNF"
"3795","TNF","ESR2"
"3796","TNF","PTPRZ1"
"3797","TNF","CARS"
"3798","MTOR","GPHN"
"3799","TSC1","RAB11FIP5"
"3800","DRD1","ADA"
"3801","ESR2","VEGFA"
"3802","ESR2","MED12"
"3803","ESR2","JMJD1C"
"3804","ESR2","BCAS2"
"3805","MAZ","HTR1A"
"3806","DRD5","NCS1"
"3807","DRD2","ADORA2A"
"3808","DRD2","NCS1"
"3809","ADORA2A","ADA"
"3810","ADORA2A","CNR1"
"3811","DRD3","NCS1"
"3812","DPP4","ADA"
"3813","NRP2","VEGFA"
"3814","NUFIP2","FMR1"
"3815","KCND2","CACNA1H"
"3816","KCND2","NCS1"
"3817","CYFIP1","FMR1"
"3818","LRP2","APOE"
"3819","LRP2","DAB1"
"3820","LRP2","APBA2"
"3821","LRP2","SCN3A"
"3822","CDKL5","MECP2"
"3823","APOE","MAPT"
"3824","APOE","PITX3"
"3825","APOE","VLDLR"
"3826","APOE","LRP8"
"3827","SOX9","MAF"
"3828","SOX9","MED12"
"3829","HTR1A","HTR1D"
"3830","GJA1","SOD1"
"3831","GJA1","TXNRD1"
"3832","GJA1","GJA5"
"3833","NOS1","SYN1"
"3834","SOD1","PARK7"
"3835","LZTR1","EHMT1"
"3836","TRPC6","ITPR3"
"3837","PTPRZ1","ITGB3"
"3838","SLC1A2","MAPT"
"3839","NOTCH1","CAMK4"
"3840","NOTCH1","PHF8"
"3841","SKI","MECP2"
"3842","ITGA4","PHB2"
"3843","SMARCA1","ARID1B"
"3844","JARID2","EHMT1"
"3845","ROBO1","ROBO4"
"3846","CHD7","ZBTB20"
"3847","TBL2","SCP2"
"3848","PITX3","PARK7"
"3849","PITX3","KNG1"
"3850","PITX3","PON1"
"3851","PITX3","TFPI"
"3852","PARK7","CHD2"
"3853","ZNF423","CEP290"
"3854","RYR3","RYR2"
"3855","STK39","EHD1"
"3856","IL1RAPL1","NCS1"
"3857","KNG1","PLG"
"3858","DAB1","VLDLR"
"3859","DAB1","LRP8"
"3860","QDPR","PAH"
"3861","APBA2","LRP8"
"3862","SCN3A","LRP8"
"3863","NDUFV1","TMEM189"
"3864","BCAS2","TFPI"
